rank,lemma,freq_sum,n_forms,forms
1,zijn,11061329,7,is|zijn|was|ben|waren|geweest
2,ik,10006772,1,ik
3,je,9001167,1,je
4,het,7553846,2,het|t
5,de,6804437,2,de|der
6,dat,6007618,1,dat
7,een,5039260,1,een
8,hebben,5033548,8,heb|heeft|hebben|had|hebt|hadden
9,niet,4772886,1,niet
10,en,3722568,1,en
11,van,2941504,1,van
12,wat,2769802,1,wat
13,we,2691355,1,we
14,in,2588813,1,in
15,ze,2456905,1,ze
16,te,2381179,3,te|ten|ter
17,hij,2329687,1,hij
18,gaan,2148576,7,ga|gaan|gaat|ging|gegaan|gingen
19,op,2144681,1,op
20,maar,2126469,1,maar
21,er,2044255,1,er
22,kunnen,1930128,6,kan|kunnen|kunt|kon|konden|gekund
23,met,1856605,1,met
24,voor,1855375,1,voor
25,die,1846895,1,die
26,me,1761825,1,me
27,doen,1735042,6,doen|doe|gedaan|doet|deed|deden
28,als,1684935,1,als
29,moeten,1578646,4,moet|moeten|moest|moesten
30,zullen,1567901,5,zou|zal|zullen|zouden|zult
31,weet,1416916,3,weet|weten|weetje
32,willen,1401019,5,wil|willen|wilt|wou|gewild
33,goed,1390366,9,goed|beter|goede|beste|best|betere
34,komen,1385338,6,kom|komt|komen|kwam|gekomen|kwamen
35,om,1321308,1,om
36,dit,1258367,1,dit
37,mijn,1245215,3,mijn|mijne|mijnen
38,aan,1182865,1,aan
39,u,1177214,1,u
40,dan,1142535,2,dan|dans
41,naar,1132229,2,naar|nare
42,n,1131929,1,n
43,hier,1086524,1,hier
44,zo,1052236,1,zo
45,jijen,1044294,1,jij
46,zien,1029562,6,zien|zie|gezien|ziet|zag|zagen
47,geen,1020815,1,geen
48,nog,994553,1,nog
49,ja,982006,1,ja
50,hem,972927,1,hem
51,wel,958539,1,wel
52,veel,914187,4,meer|veel|meest|meeste
53,ons,903484,2,ons|onze
54,laten,893791,5,laat|laten|liet|gelaten|lieten
55,haar,873547,3,haar|haren|hare
56,denken,864479,5,denk|dacht|denken|denkt|dachten
57,nee,856003,1,nee
58,worden,840424,6,worden|wordt|werd|word|werden|geworden
59,hoe,803291,1,hoe
60,nu,792974,1,nu
61,zeggen,782333,4,zei|zeggen|zegt|zeiden
62,al,779332,2,al|alle
63,waar,773738,1,waar
64,over,746315,1,over
65,ook,734375,1,ook
66,uit,700277,1,uit
67,of,674193,1,of
68,bent,669561,1,bent
69,maken,668538,6,maken|maak|maakt|gemaakt|maakte|maakten
70,mij,666821,1,mij
71,bij,655438,1,bij
72,vinden,603376,6,vinden|vind|gevonden|vond|vindt|vonden
73,iets,583350,1,iets
74,daar,581597,1,daar
75,jullie,580766,1,jullie
76,m,567079,1,m
77,waarom,557548,1,waarom
78,deze,516044,1,deze
79,geven,505846,5,geef|geven|geeft|gaf|gegeven
80,echt,483758,2,echt|echte
81,dus,461409,1,dus
82,man,453423,3,man|mannen|mannetje
83,jouen,448182,1,jou
84,wie,444750,2,wie|wiens
85,alles,426991,1,alles
86,kijken,423292,6,kijk|kijken|kijkt|keek|gekeken|keken
87,door,417203,1,door
88,alleen,407083,1,alleen
89,s,401559,1,s
90,heel,393995,2,heel|hele
91,toch,392983,1,toch
92,krijgen,389828,6,krijgen|krijg|krijgt|kreeg|gekregen|kregen
93,nemen,385099,6,neem|nemen|neemt|nam|genomen|namen
94,weg,376436,1,weg
95,eens,371727,1,eens
96,horen,363689,6,hoor|horen|gehoord|hoorde|hoort|hoorden
97,misschien,359214,1,misschien
98,nooit,350946,1,nooit
99,zitten,349675,3,zit|zat|gezeten
100,blijven,348835,6,blijven|blijf|blijft|bleef|gebleven|bleven
101,doden,348121,6,dood|doden|gedood|dode|doodde|doodt
102,één,347833,3,één|eerste|eentje
103,nou,347555,1,nou
104,vertellen,344852,5,vertellen|vertel|verteld|vertelde|vertelden
105,terug,342296,1,terug
106,oké,341155,1,oké
107,leven,338573,7,leven|leeft|levens|leef|leefde|geleefd
108,mee,336637,1,mee
109,iemand,334231,2,iemand|iemands
110,niets,329731,1,niets
111,mens,323001,2,mensen|mens
112,houden,322530,6,houden|houdt|houd|hield|gehouden|hielden
113,twee,314763,3,twee|tweede|tweeën
114,mogen,314531,5,mag|mogen|mocht|moge|mochten
115,toen,312964,1,toen
116,tijd,308226,3,tijd|tijdje|tijden
117,gewoon,306683,2,gewoon|gewone
118,even,305017,1,even
119,nodig,291351,1,nodig
120,dag,291183,2,dag|dagen
121,tot,288727,1,tot
122,ander,284254,3,andere|ander|anderen
123,helpen,276789,5,helpen|help|helpt|geholpen|hielp
124,weer,276186,1,weer
125,net,266915,1,net
126,tegen,265256,1,tegen
127,uw,264847,2,uw|uwe
128,jaar,264234,2,jaar|jaren
129,praten,258217,4,praten|praat|gepraat|praatte
130,zeg,254035,1,zeg
131,vrouw,253363,2,vrouw|vrouwen
132,omdat,252830,1,omdat
133,z,249724,1,z
134,hou,247154,1,hou
135,wij,242654,1,wij
136,altijd,234911,1,altijd
137,vraag,234403,2,vragen|vraag
138,zeker,233261,2,zeker|zekere
139,groot,230209,5,grote|groot|grootste|groter|grotere
140,proberen,230072,6,probeer|proberen|probeerde|probeert|geprobeerd|probeerden
141,kennen,224060,5,ken|kent|kennen|kende|kenden
142,wild,220402,2,wilde|wild
143,af,220034,1,af
144,moeder,217070,2,vader|moeders
145,wachten,216317,3,wacht|gewacht|wachtte
146,hun,215211,1,hun
147,huis,213487,2,huis|huisje
148,allemaal,210925,1,allemaal
149,jouwen,210824,1,jouw
150,kind,203970,3,kinderen|kind|kindje
151,gebeuren,203329,3,gebeurd|gebeuren|gebeurde
152,bedanken,201950,3,bedankt|bedanken|bedank
153,lang,199937,3,lang|langer|lange
154,keren,198876,2,keer|keert
155,staan,198828,3,staan|sta|stond
156,brengen,197580,6,brengen|breng|brengt|gebracht|bracht|brachten
157,mooi,196616,5,mooi|mooie|mooiste|mooier|moois
158,erg,196512,3,erg|ergste|ergs
159,zoals,195251,1,zoals
160,danken,194751,2,dank|danken
161,zij,193752,1,zij
162,bedoelen,193283,4,bedoel|bedoelt|bedoelde|bedoeld
163,halen,192730,5,halen|haal|gehaald|haalt|haalde
164,anders,189426,1,anders
165,gelden,187352,3,geld|geldt|gold
166,zich,187074,1,zich
167,begrijpen,186960,5,begrijp|begrepen|begrijpen|begrijpt|begreep
168,werken,186829,4,werken|werkt|gewerkt|werkten
169,voelen,184557,4,voel|voelt|voelen|voelde
170,vader,184258,2,moeder|vaders
171,zoeken,183791,5,zoek|zoeken|zoekt|zocht|zochten
172,mr,183677,1,mr
173,wissen,180478,3,wist|wisten|gewist
174,staat,180062,2,staat|staten
175,spijten,179198,1,spijt
176,werk,178658,1,werk
177,oh,177930,1,oh
178,hand,177051,3,hand|handen|handje
179,iedereen,176789,1,iedereen
180,leuk,175977,4,leuk|leuke|leuker|leuks
181,niemand,174437,1,niemand
182,niksen,171080,1,niks
183,binnen,167230,1,binnen
184,zit,167093,1,zitten
185,lijken,166638,3,lijkt|leek|lijk
186,uur,166093,3,uur|uren|uurtje
187,luisteren,164901,5,luister|luisteren|luistert|luisterde|geluisterd
188,na,162379,1,na
189,vermoorden,161438,5,vermoord|vermoorden|vermoordde|vermoordt|vermoorde
190,nieuw,157304,3,nieuwe|nieuw|nieuwste
191,genoeg,156685,1,genoeg
192,probleem,155839,3,probleem|problemen|probleempje
193,elkaar,155763,2,elkaar|elkaars
194,jong,155028,6,jongen|jonge|jong|jonger|jongere|jongste
195,sorry,153660,1,sorry
196,vasten,152616,1,vast
197,natuurlijk,151784,2,natuurlijk|natuurlijke
198,klaar,151070,1,klaar
199,vriend,150017,3,vrienden|vriendin|vriendje
200,eten,149141,4,eten|eet|gegeten|etentje
201,beginnen,147985,4,beginnen|begint|begon|begonnen
202,godin,145302,1,god
203,liggen,142149,5,ligt|liggen|lag|lig|gelegen
204,idee,141989,2,idee|ideeën
205,graag,141828,1,graag
206,hé,141375,1,hé
207,toe,141284,1,toe
208,drie,141271,1,drie
209,snel,140825,2,snel|sneller
210,ding,139324,1,dingen
211,oud,139274,5,oude|oud|ouder|oudere|oudste
212,alsjeblieft,138555,1,alsjeblieft
213,zonder,135995,1,zonder
214,steeds,135812,1,steeds
215,ver,135473,4,verder|ver|verre|verdere
216,meid,135439,3,meisje|meid|meiden
217,hallo,134987,1,hallo
218,geweldig,134360,2,geweldig|geweldige
219,laat,131650,3,laatste|laatst|late
220,achter,131354,1,achter
221,elk,131292,2,elke|elk
222,zaak,129551,3,zaak|zaken|zake
223,spreken,129007,6,spreken|spreek|sprak|spreekt|sprake|spraken
224,helemaal,128515,1,helemaal
225,gek,127904,3,gek|gekke|gekken
226,onder,127669,1,onder
227,naam,125347,1,naam
228,kun,123657,1,kun
229,auto,123520,1,auto
230,vriendin,122943,2,vriend|vriendinnen
231,ooit,121243,1,ooit
232,hopen,120910,6,hoop|hopen|hoopte|hope|gehoopt|hoopt
233,paren,119519,1,paar
234,wanneer,118956,1,wanneer
235,want,118206,1,want
236,meneer,118042,1,meneer
237,zorg,117301,1,zorgen
238,beet,116575,1,beetje
239,bellen,115559,3,bel|belde|belt
240,vroeg,112124,3,vroeg|vroeger|vroege
241,zelfs,110112,1,zelfs
242,enige,108971,1,enige
243,bang,108357,1,bang
244,samen,106665,1,samen
245,redden,106476,5,redden|gered|red|redt|redde
246,o,106208,1,o
247,zelf,105869,1,zelf
248,vallen,104975,5,valt|val|viel|gevallen|vielen
249,vergeten,104543,3,vergeten|vergeet|vergat
250,geleden,104345,1,geleden
251,jongen,101449,2,jongens|jongetje
252,week,101114,2,week|weken
253,wereld,101026,2,wereld|werelden
254,stoppen,100763,3,stop|stopt|stopte
255,vandaag,100632,1,vandaag
256,slapen,100461,5,slapen|slaap|slaapt|geslapen|sliep
257,noemen,99141,6,noemen|noem|noemt|noemde|genoemd|noemden
258,gezegd,98732,1,gezegd
259,thuis,98444,1,thuis
260,verliezen,98184,5,verloren|verliezen|verlies|verloor|verliest
261,heen,97706,1,heen
262,sterven,96935,5,sterven|stierf|gestorven|sterft|stierven
263,familie,96432,2,familie|families
264,zoon,96252,2,zoon|zoons
265,gelijken,96117,2,gelijk|gelijke
266,morgen,96065,2,morgen|morgens
267,hen,95818,1,hen
268,eerst,95781,1,eerst
269,manier,95483,2,manier|manieren
270,juist,95219,2,juist|juiste
271,verdommen,94739,2,verdomme|verdomd
272,eigen,94649,1,eigen
273,gebruik,93972,2,gebruiken|gebruik
274,buiten,93577,1,buiten
275,veranderen,92957,5,veranderen|veranderd|verandert|veranderde|verander
276,betalen,92546,5,betalen|betaald|betaal|betaalt|betaalde
277,alsof,92100,1,alsof
278,wangeloven,91786,1,geloof
279,hoeven,91647,3,hoeft|hoef|hoefde
280,schieten,90843,3,schiet|schieten|schoot
281,politie,89831,1,politie
282,moment,88868,3,moment|momentje|momenten
283,bijna,88083,1,bijna
284,eigenlijk,87166,1,eigenlijk
285,lopen,87136,5,loopt|loop|liep|gelopen|liepen
286,welk,86011,2,welke|welk
287,plaats,85954,2,plaats|plaatsen
288,rustig,85308,3,rustig|rustiger|rustige
289,precies,85303,1,precies
290,betekenen,85269,4,betekent|betekenen|betekend|betekende
291,pas,85038,2,pas|passen
292,ontmoeten,84702,4,ontmoeten|ontmoet|ontmoette|ontmoetten
293,hè,83925,1,hè
294,kleine,83652,1,kleine
295,hoofd,83085,2,hoofd|hoofden
296,orde,82400,1,orde
297,broer,82349,3,broer|broers|broertje
298,pakken,82289,3,pak|pakt|pakte
299,minuut,82090,3,minuten|minuut|minuutje
300,kans,81392,2,kans|kansen
301,wacht,80968,1,wachten
302,daarom,79644,1,daarom
303,gebeurt,79365,1,gebeurt
304,soms,79301,1,soms
305,zetten,78984,2,zet|zette
306,volgens,78650,1,volgens
307,slaan,78575,5,slaan|sla|slaat|sloeg|geslagen
308,belangrijk,78016,5,belangrijk|belangrijke|belangrijkste|belangrijker|belangrijks
309,maand,77793,2,maanden|maand
310,vier,77387,2,vier|vieren
311,kanten,77067,1,kant
312,drinken,76887,5,drinken|drink|gedronken|drinkt|dronk
313,kopen,76773,5,kopen|gekocht|koop|kocht|koopt
314,heten,76556,3,heet|heette|heten
315,open,76371,1,open
316,stad,76106,3,stad|steden|stadje
317,blij,75681,1,blij
318,volgende,75620,1,volgende
319,zorgen,75313,4,zorg|zorgt|zorgde|gezorgd
320,plannen,74909,2,plan|gepland
321,vanavond,74852,1,vanavond
322,bewijzen,74724,4,bewijs|bewijzen|bewezen|bewijst
323,wonen,73918,6,wonen|woont|woon|woonde|gewoond|woonden
324,dingen,73212,1,ding
325,tussen,72407,1,tussen
326,lieven,72365,2,liefde|lief
327,vijf,72124,1,vijf
328,sturen,72108,5,stuur|gestuurd|stuurde|stuurt|stuurden
329,plek,71719,3,plek|plekken|plekje
330,moeilijk,71495,3,moeilijk|moeilijke|moeilijker
331,kamer,71144,2,kamer|kamers
332,soort,70843,2,soort|soorten
333,vertrouwen,70712,4,vertrouwen|vertrouw|vertrouwt|vertrouwd
334,prima,70022,1,prima
335,hulp,69889,1,hulp
336,raken,69548,5,raken|raak|raakt|raakte|raakten
337,stellen,69312,3,stel|stelt|stelde
338,schrijven,69273,5,schrijven|geschreven|schrijf|schreef|schrijft
339,pijn,68893,1,pijn
340,dokter,68665,2,dokter|dokters
341,slechten,68519,1,slecht
342,kloppen,68474,3,klopt|klop|klopte
343,snappen,68468,3,snap|snapt|snappen
344,nacht,68337,3,nacht|nachts|nachten
345,geloof,68314,1,geloven
346,eruit,68306,1,eruit
347,scholen,67892,1,school
348,winnen,67810,5,winnen|gewonnen|wint|won|win
349,deur,67738,2,deur|deuren
350,jezelf,67188,1,jezelf
351,hoeveel,67162,1,hoeveel
352,deel,67120,2,deel|delen
353,land,66772,2,land|landen
354,dochter,66748,2,dochter|dochters
355,vrijen,66599,2,vrij|vrijen
356,verhalen,66204,2,verhaal|verhalen
357,woord,65759,2,woord|woorden
358,oog,65613,2,ogen|oogje
359,spel,65349,2,spelen|spelletje
360,missen,65091,2,mis|miste
361,ergens,64809,1,ergens
362,herinneren,64606,4,herinner|herinneren|herinnert|herinnerde
363,agente,63555,1,agent
364,later,63082,1,later
365,voordat,63075,1,voordat
366,volgen,62672,4,volgen|volg|volgt|volgde
367,foto,62534,1,foto
368,zodat,62255,1,zodat
369,fijn,61723,2,fijn|fijne
370,veilig,61374,3,veilig|veilige|veiliger
371,leggen,61369,5,leg|leggen|gelegd|legt|legde
372,lief,61293,3,liever|liefje|liefst
373,mogelijk,61069,2,mogelijk|mogelijke
374,wateren,60841,1,water
375,wijzen,60718,2,wees|wijs
376,eerder,60548,1,eerder
377,bloeden,60522,3,bloed|bloeden|bloedt
378,telefoon,60427,3,telefoon|telefoontje|telefoons
379,lk,60362,1,lk
380,pak,59718,2,pakken|pakje
381,beloven,59304,5,beloof|beloofd|beloofde|beloven|belooft
382,baby,59278,1,baby
383,bel,59053,1,bellen
384,boven,59016,1,boven
385,stuk,58794,3,stuk|stukje|stukken
386,fout,58753,3,fout|fouten|foute
387,miss,58749,2,miss|missen
388,ie,58600,1,ie
389,gelukkig,58446,2,gelukkig|gelukkige
390,lek,58271,2,lekker|lek
391,stop,58247,1,stoppen
392,klinken,58235,2,klinkt|klonk
393,dragen,58029,4,dragen|draagt|draag|droeg
394,dr,57649,1,dr
395,vragen,57493,2,gevraagd|vraagt
396,sinds,57267,1,sinds
397,lossen,57228,3,los|lossen|losse
398,zoveel,56681,1,zoveel
399,avond,56549,2,avond|avonds
400,vaak,56525,2,vaak|vaker
401,hetzelfde,56072,1,hetzelfde
402,mevrouw,55850,1,mevrouw
403,spelen,55729,5,speelt|speel|speelde|gespeeld|speelden
404,duren,55613,5,duurt|duren|duur|duurde|dure
405,lichaam,55310,2,lichaam|lichamen
406,dollar,55284,2,dollar|dollars
407,drukken,55117,1,druk
408,verkopen,55012,4,verkopen|verkocht|verkoop|verkoopt
409,schatten,54898,1,schat
410,schuld,54855,2,schuld|schulden
411,ervan,54520,1,ervan
412,waarschijnlijk,54358,1,waarschijnlijk
413,hoi,54330,1,hoi
414,hart,53339,2,hart|harten
415,nieuws,53254,1,nieuws
416,bed,53226,1,bed
417,loop,52842,1,lopen
418,verdienen,52813,5,verdient|verdienen|verdiend|verdien|verdiende
419,waarheid,52805,1,waarheid
420,val,52784,2,vallen|vals
421,geheim,52606,3,geheim|geheime|geheimen
422,rede,52589,1,reden
423,papa,52556,1,papa
424,duidelijk,52536,2,duidelijk|duidelijke
425,gezicht,52476,2,gezicht|gezichten
426,klein,52475,2,klein|kleiner
427,nummer,52263,2,nummer|nummers
428,gevoelen,52162,3,gevoel|gevoelens|gevoeld
429,boeken,51934,3,boek|boeken|geboekt
430,liegen,51640,4,liegen|liegt|gelogen|lieg
431,eerlijk,51621,2,eerlijk|eerlijke
432,bezig,51568,1,bezig
433,voorbij,51461,1,voorbij
434,terwijl,51386,1,terwijl
435,arm,51233,3,arme|arm|armen
436,tien,51105,1,tien
437,rijen,51050,2,rijden|rij
438,sluiten,51037,4,sluiten|sluit|gesloten|sloot
439,vechten,50514,4,vechten|vecht|gevochten|vochten
440,vreemd,50384,3,vreemd|vreemde|vreemds
441,beschermen,50382,5,beschermen|beschermd|beschermt|bescherm|beschermde
442,the,50102,1,the
443,eraan,50016,1,eraan
444,zes,49982,1,zes
445,begin,49685,1,begin
446,vol,49460,1,vol
447,lukken,49362,4,lukt|gelukt|lukken|lukte
448,rond,49059,1,rond
449,onderzoeken,49012,3,onderzoek|onderzocht|onderzoekt
450,bazen,48971,1,baas
451,haten,48918,3,haat|haten|haatte
452,moorden,48872,1,moord
453,mam,48070,1,mam
454,wakker,47750,1,wakker
455,ouder,47675,1,ouders
456,zoiets,47574,1,zoiets
457,hard,47502,2,hard|harder
458,dame,47496,2,dames|dame
459,leer,47431,1,leren
460,verdwijnen,47413,5,verdwenen|verdwijnen|verdween|verdwijnt|verdwijn
461,verwachten,47387,3,verwacht|verwachten|verwachtte
462,ieder,46966,2,ieder|iedere
463,per,46924,1,per
464,mama,46820,1,mama
465,team,46661,2,team|teams
466,rest,46614,2,rest|resten
467,meteen,46199,1,meteen
468,aardig,46188,2,aardig|aardige
469,zeer,46111,1,zeer
470,dezelfde,45938,1,dezelfde
471,zus,45855,3,zus|zusje|zussen
472,prachtig,45768,2,prachtig|prachtige
473,alstublieft,45696,1,alstublieft
474,kerel,45652,2,kerel|kerels
475,erop,45415,1,erop
476,klootzak,45244,2,klootzak|klootzakken
477,menen,45072,4,meen|meent|meende|menen
478,hond,44702,2,hond|honden
479,neer,44595,1,neer
480,wapenen,44555,2,wapen|gewapend
481,buurten,44533,1,buurt
482,langs,44529,1,langs
483,miljoen,44421,2,miljoen|miljoenen
484,gooien,44278,5,gooi|gooien|gooide|gegooid|gooit
485,film,44187,2,film|films
486,sir,44022,1,sir
487,trekken,43895,3,trek|trekt|trok
488,stom,43499,2,stom|stomme
489,beneden,43261,1,beneden
490,vooruit,43171,1,vooruit
491,mrs,43163,1,mrs
492,koppen,43099,2,kop|koppen
493,banen,42966,1,baan
494,dichten,42908,1,dicht
495,inderdaad,42901,1,inderdaad
496,lezen,42862,3,lezen|lees|leest
497,geval,42854,1,geval
498,perfect,42596,2,perfect|perfecte
499,zet,42520,1,zetten
500,oorlog,42460,1,oorlog
501,draaien,42141,4,draai|draait|draaien|draaide
502,mezelf,42111,1,mezelf
503,rechten,42110,2,recht|rechte
504,tijdens,42029,1,tijdens
505,john,41998,1,john
506,gebruikt,41872,1,gebruikt
507,normaal,41810,2,normaal|normale
508,spul,41791,2,spullen|spul
509,oke,41404,1,oke
510,geluk,41207,1,geluk
511,leiden,41199,4,leiden|leidt|leidde|leid
512,regel,41177,2,regels|regelen
513,hey,41125,1,hey
514,gassen,41016,3,gast|gasten|gas
515,rusten,40686,1,rust
516,mond,40549,1,mond
517,slachtoffer,40479,2,slachtoffer|slachtoffers
518,punt,40058,2,punt|punten
519,vertrekken,39830,4,vertrek|vertrokken|vertrekt|vertrok
520,jack,39704,1,jack
521,kantoor,39590,1,kantoor
522,ermee,39489,1,ermee
523,overal,39489,1,overal
524,eén,39356,1,eén
525,daarna,39346,1,daarna
526,schip,39219,2,schip|schepen
527,welkom,39139,1,welkom
528,kwaad,39075,2,kwaad|kwade
529,vanaf,38990,1,vanaf
530,persoon,38721,2,persoon|personen
531,degene,38681,2,degene|degenen
532,boos,38659,2,boos|boze
533,slim,38646,3,slim|slimme|slimmer
534,makkelijk,38216,3,makkelijk|makkelijker|makkelijke
535,stil,38180,2,stil|stille
536,kracht,37926,2,kracht|krachten
537,advocaat,37806,2,advocaat|advocaten
538,half,37761,2,half|halve
539,zinnen,37661,1,zin
540,straks,37601,1,straks
541,stappen,37513,3,stap|stapte|stapt
542,venten,37493,1,vent
543,lichten,37125,2,licht|lichte
544,vandaan,37082,1,vandaan
545,bekennen,37035,3,bekend|bekende|bekennen
546,lachen,37012,4,lachen|lach|lacht|lachte
547,regelen,36977,3,regel|geregeld|regelt
548,afspreken,36956,2,gesproken|afspreken
549,lieverd,36929,1,lieverd
550,zichzelf,36924,1,zichzelf
551,sterk,36628,3,sterk|sterker|sterkste
552,raar,36190,2,raar|rare
553,allebei,36178,1,allebei
554,minder,36169,1,minder
555,grap,36149,3,grapje|grap|grappen
556,bestaan,36124,2,bestaat|bestaan
557,pappen,36114,1,pap
558,nergens,36087,1,nergens
559,sam,36052,1,sam
560,ziek,35906,2,ziek|zieke
561,erin,35890,1,erin
562,ervoor,35890,1,ervoor
563,ziekenhuis,35888,2,ziekenhuis|ziekenhuizen
564,gisteren,35814,1,gisteren
565,verkeren,35749,2,verkeerd|verkeer
566,grappig,35582,2,grappig|grappige
567,ok,35551,1,ok
568,verlaten,35538,2,verlaten|verliet
569,stel,35448,2,stellen|stelletje
570,gebeld,35366,1,gebeld
571,new,35306,1,new
572,vorig,35131,2,vorige|vorig
573,antwoorden,35114,1,antwoord
574,informatie,35029,1,informatie
575,contact,35013,2,contact|contacten
576,bekijken,34997,4,bekijken|bekijk|bekeken|bekijkt
577,kapitein,34916,1,kapitein
578,vreselijk,34838,2,vreselijk|vreselijke
579,kwijt,34810,1,kwijt
580,enkel,34753,1,enkel
581,trouw,34234,2,trouwen|trouwe
582,afspraak,34094,3,afspraak|afspraakje|afspraken
583,zwaar,33958,2,zwaar|zware
584,pa,33925,1,pa
585,serieus,33884,2,serieus|serieuze
586,idioot,33721,3,idioot|idioten|idiote
587,slechte,33703,1,slechte
588,voorzichtig,33604,1,voorzichtig
589,eindelijk,33462,1,eindelijk
590,meisje,33404,1,meisjes
591,aarde,33284,1,aarde
592,here,33056,1,heren
593,stelen,32843,3,gestolen|steelt|steel
594,moordenares,32729,1,moordenaar
595,president,32722,1,president
596,nogal,32680,1,nogal
597,gevangenis,32654,1,gevangenis
598,getuigen,32414,2,getuige|getuigen
599,getrouwd,32348,2,getrouwd|getrouwde
600,hoezo,32290,1,hoezo
601,meenemen,32267,3,meegenomen|meenemen|meenam
602,speciaal,32222,3,speciale|speciaal|speciaals
603,geloven,31977,3,gelooft|geloofde|geloofd
604,koffie,31743,1,koffie
605,plezier,31661,1,plezier
606,einde,31594,1,einde
607,gedenken,31579,2,gedacht|gedachte
608,reizen,31315,3,reis|reizen|reist
609,enkele,31261,1,enkele
610,erbij,31234,1,erbij
611,gang,31196,1,gang
612,relatie,30992,2,relatie|relaties
613,hoog,30810,3,hoog|hoger|hoogste
614,breken,30786,4,breken|brak|breekt|breek
615,geest,30678,2,geest|geesten
616,heer,30666,1,heer
617,jezus,30577,1,jezus
618,brief,30571,3,brief|brieven|briefje
619,opnieuw,30568,1,opnieuw
620,ontdekken,30515,3,ontdekt|ontdekken|ontdekte
621,zomaar,30497,1,zomaar
622,pardon,30422,1,pardon
623,weggaan,30387,4,weggaan|weggegaan|weggaat|wegging
624,controle,30282,1,controle
625,dromen,30158,3,droom|gedroomd|droomde
626,daarmee,30143,1,daarmee
627,spellen,30090,1,spel
628,dom,30036,2,dom|domme
629,bepalen,29865,5,bepaalde|bepaald|bepalen|bepaalt|bepaal
630,koningin,29682,1,koning
631,dienst,29497,2,dienst|diensten
632,gronden,29492,1,grond
633,waardin,29489,1,waard
634,nadat,29411,1,nadat
635,schat,29368,2,schatje|schatten
636,naartoe,29240,1,naartoe
637,feit,29200,3,feit|feiten|feite
638,achten,29149,1,acht
639,bedrijf,29045,2,bedrijf|bedrijven
640,fantastisch,28887,2,fantastisch|fantastische
641,straat,28770,2,straat|straten
642,letten,28770,2,let|letten
643,voorstel,28734,2,voorstellen|voorstel
644,persoonlijk,28652,2,persoonlijk|persoonlijke
645,luchten,28282,1,lucht
646,gevaarlijk,28271,2,gevaarlijk|gevaarlijke
647,wapen,28261,1,wapens
648,schelen,28223,2,schelen|scheelt
649,reden,28202,3,reed|redenen|gereed
650,aanval,28150,2,aanval|aanvallen
651,seks,28136,1,seks
652,bezoeken,28115,3,bezoek|bezoeken|bezocht
653,toekomst,28024,1,toekomst
654,behalve,27924,1,behalve
655,kosten,27861,4,kost|kostte|gekost|koste
656,leeg,27774,1,leger
657,zeef,27709,1,zeven
658,recht,27596,2,rechter|rechten
659,charlie,27520,1,charlie
660,hierheen,27465,1,hierheen
661,trots,27431,1,trots
662,voet,27292,2,voeten|voet
663,michael,27155,1,michael
664,ballen,27147,2,bal|ballen
665,weinig,27127,1,weinig
666,ongeveer,27108,1,ongeveer
667,paard,27094,2,paard|paarden
668,sommige,27051,1,sommige
669,enorm,26917,2,enorme|enorm
670,tenminste,26872,1,tenminste
671,excuseren,26828,2,excuseer|excuseren
672,steken,26818,3,steek|stak|steekt
673,ongeluk,26806,1,ongeluk
674,frank,26751,1,frank
675,zodra,26748,1,zodra
676,werkte,26726,1,werkte
677,wilde,26688,1,wilden
678,bank,26669,2,bank|banken
679,slechts,26636,1,slechts
680,kiezen,26614,3,gekozen|kies|koos
681,nietwaar,26568,1,nietwaar
682,afgelopen,26507,1,afgelopen
683,leren,26501,3,leer|leerde|leert
684,bedenken,26380,3,bedenken|bedacht|bedenk
685,soldaat,26267,2,soldaten|soldaat
686,gesprek,26240,2,gesprek|gesprekken
687,via,26128,1,via
688,oom,26120,1,oom
689,partner,26087,2,partner|partners
690,lijk,26002,1,lijken
691,maat,25923,2,maat|maatje
692,ruiken,25915,3,ruikt|roken|ruik
693,stuur,25914,1,sturen
694,men,25862,1,men
695,seconde,25833,2,seconden|seconde
696,arresteren,25822,3,gearresteerd|arresteren|arresteer
697,george,25817,1,george
698,vliegtuig,25727,2,vliegtuig|vliegtuigen
699,onzin,25712,1,onzin
700,york,25702,1,york
701,ontsnappen,25688,3,ontsnappen|ontsnapt|ontsnapte
702,bericht,25670,2,bericht|berichten
703,verkeerd,25660,2,verkeerde|verkeerds
704,ergeren,25643,1,erger
705,hangen,25602,3,hangt|hang|hing
706,ziens,25565,1,ziens
707,erover,25512,1,erover
708,keuze,25501,2,keuze|keuzes
709,feesten,25473,1,feest
710,gevaar,25434,1,gevaar
711,witten,25433,2,witte|wit
712,succes,25376,1,succes
713,vertrek,25316,1,vertrekken
714,jawel,25293,1,jawel
715,muziek,25279,1,muziek
716,joe,25012,1,joe
717,absoluut,25005,1,absoluut
718,bewegen,24976,3,bewegen|beweegt|beweeg
719,storen,24935,4,gestoord|stoor|storen|stoort
720,ruimte,24883,1,ruimte
721,korten,24866,2,kort|korte
722,schuldig,24785,1,schuldig
723,volledig,24758,2,volledig|volledige
724,goei,24705,1,goeie
725,geraken,24671,2,geraakt|geraken
726,vernietigen,24620,3,vernietigen|vernietigd|vernietig
727,omhoog,24612,1,omhoog
728,totdat,24590,1,totdat
729,vluchten,24567,3,vlucht|gevlucht|vluchtte
730,zwarte,24450,1,zwarte
731,vanwege,24440,1,vanwege
732,hemelen,24434,1,hemel
733,groep,24431,2,groep|groepen
734,tenzij,24428,1,tenzij
735,gisteravond,24391,1,gisteravond
736,isogeen,24382,1,ene
737,naasten,24354,1,naast
738,vooral,24316,1,vooral
739,zingen,24079,4,zingen|zing|zingt|zong
740,trouwens,24067,1,trouwens
741,uh,24032,1,uh
742,bieden,23985,4,bieden|bied|biedt|bood
743,terugkomen,23936,4,terugkomen|terugkomt|teruggekomen|terugkwam
744,gebouw,23926,2,gebouw|gebouwen
745,pistool,23829,1,pistool
746,springen,23819,4,springen|sprong|spring|springt
747,overleven,23791,3,overleven|overleefd|overleeft
748,camera,23733,1,camera
749,blijkbaar,23733,1,blijkbaar
750,beide,23607,1,beide
751,direct,23585,2,direct|directe
752,zolang,23575,1,zolang
753,dier,23532,2,dieren|dier
754,mike,23499,1,mike
755,david,23433,1,david
756,vuren,23431,1,vuur
757,bevel,23391,2,bevel|bevelen
758,peter,23387,1,peter
759,dichtbij,23376,2,dichtbij|dichterbij
760,ademen,23365,3,adem|ademen|ademt
761,lieve,23232,1,lieve
762,herkennen,23230,5,herken|herkennen|herkent|herkende|herkend
763,tom,23183,1,tom
764,gezin,23177,2,gezin|gezinnen
765,hellen,23134,2,hel|helden
766,roepen,23091,4,roep|roept|riep|geroepen
767,hotel,23068,1,hotel
768,kussen,23064,4,kus|kust|gekust|kuste
769,verlieven,23031,1,verliefd
770,jammer,22986,1,jammer
771,vergeven,22985,2,vergeef|vergeven
772,rug,22868,1,rug
773,vertaling,22864,1,vertaling
774,gat,22778,1,gaten
775,doelen,22767,1,doel
776,meter,22759,1,meter
777,muur,22677,2,muur|muren
778,drug,22662,1,drugs
779,nadenken,22630,2,nadenken|nagedacht
780,lijst,22538,1,lijst
781,bezorgen,22528,3,bezorgd|bezorgen|bezorgt
782,fbi,22496,1,fbi
783,huilen,22461,4,huilen|huil|huilt|huilde
784,patiënt,22279,2,patiënt|patiënten
785,goedemorgen,22194,1,goedemorgen
786,legen,22156,2,leeg|lege
787,lijden,22106,4,lijden|leden|lijdt|leed
788,branden,22080,2,brand|brandt
789,excuus,22047,2,excuses|excuus
790,behandelen,22025,4,behandelen|behandeld|behandelt|behandel
791,zover,22024,1,zover
792,kleren,22000,1,kleren
793,kies,21902,2,kiezen|kiest
794,vertelt,21874,1,vertelt
795,prijzen,21873,1,prijs
796,bereik,21836,2,bereiken|bereik
797,huwelijk,21792,1,huwelijk
798,tv,21786,1,tv
799,durven,21742,4,durf|durft|durven|durfde
800,feest,21649,2,feestje|feesten
801,dansen,21492,2,dansen|danst
802,onderweg,21488,1,onderweg
803,donker,21464,2,donker|donkere
804,geleerd,21454,1,geleerd
805,openen,21453,4,openen|geopend|opent|opende
806,warm,21383,2,warm|warme
807,james,21372,1,james
808,slag,21355,2,slag|slagen
809,interessant,21318,2,interessant|interessante
810,daarvoor,21299,1,daarvoor
811,shit,21265,1,shit
812,knappen,21262,2,knap|knappe
813,trek,21250,1,trekken
814,bidden,21217,3,bad|bidden|bid
815,zakken,21196,1,zak
816,overlijden,21180,3,overleden|overleed|overlijden
817,link,21150,3,links|link|linker
818,vanuit,21145,1,vanuit
819,drank,21128,2,drankje|drank
820,zuster,21113,2,zuster|zusters
821,stemmen,21071,1,stem
822,operatie,21030,2,operatie|operaties
823,verdomd,20968,1,verdomde
824,klant,20924,2,klanten|klant
825,betrekken,20907,2,betrokken|betrekken
826,genieten,20902,2,geniet|genieten
827,verbergen,20882,4,verbergen|verbergt|verberg|verborg
828,boten,20881,1,boot
829,verlijden,20816,1,verleden
830,gemist,20795,1,gemist
831,gedachte,20753,1,gedachten
832,ontslaan,20732,2,ontslagen|ontslaan
833,situatie,20724,1,situatie
834,moe,20708,1,moe
835,schoen,20703,2,schoenen|schoen
836,deal,20676,1,deal
837,tafelen,20665,1,tafel
838,band,20647,1,band
839,generaal,20643,1,generaal
840,lastig,20525,2,lastig|lastige
841,raden,20447,1,raad
842,hongeren,20396,1,honger
843,ziel,20339,2,ziel|zielen
844,geboren,20279,1,geboren
845,ster,20276,2,ster|sterren
846,Amerikaans,20265,2,amerikaanse|amerikaans
847,agent,20224,1,agenten
848,bier,20222,2,bier|biertje
849,bureau,20171,1,bureau
850,macht,20161,1,macht
851,winkelen,20083,2,winkel|winkelen
852,derde,20049,1,derde
853,kolonel,20037,1,kolonel
854,ruziën,20000,1,ruzie
855,oma,19994,1,oma
856,dronken,19923,1,dronken
857,vlieg,19919,1,vliegen
858,controleren,19917,2,controleren|controleer
859,onschuldig,19882,2,onschuldig|onschuldige
860,luitenant,19867,1,luitenant
861,rechercheur,19866,2,rechercheur|rechercheurs
862,heerlijk,19829,2,heerlijk|heerlijke
863,bijzonder,19819,3,bijzonder|bijzondere|bijzonders
864,rijden,19809,3,rijdt|rijd|gereden
865,bom,19662,2,bom|bommen
866,tuurlijk,19655,1,tuurlijk
867,feliciteren,19648,1,gefeliciteerd
868,koud,19550,1,koud
869,oplossen,19546,2,oplossen|opgelost
870,planeet,19538,2,planeet|planeten
871,duizend,19487,2,duizenden|duizend
872,henry,19483,1,henry
873,eren,19479,2,eer|eren
874,aankomen,19472,4,aankomen|aangekomen|aankomt|aankwam
875,moeite,19407,1,moeite
876,uitleg,19379,2,uitleggen|uitleg
877,ogen,19310,1,oog
878,ma,19260,1,ma
879,teek,19243,1,teken
880,dossier,19201,2,dossier|dossiers
881,onmogelijk,19187,1,onmogelijk
882,verklaren,19169,4,verklaren|verklaart|verklaar|verklaard
883,helaas,19153,1,helaas
884,show,19128,1,show
885,sleutelen,19101,1,sleutel
886,wetten,19085,1,wet
887,papier,19069,2,papieren|papier
888,beslissing,18991,2,beslissing|beslissingen
889,rekening,18989,2,rekening|rekeningen
890,paul,18976,1,paul
891,alex,18957,1,alex
892,aantal,18885,1,aantal
893,neerschieten,18878,2,neergeschoten|neerschieten
894,extra,18844,1,extra
895,wedstrijd,18838,2,wedstrijd|wedstrijden
896,zweren,18768,1,zweer
897,harry,18661,1,harry
898,mary,18661,1,mary
899,kapot,18568,1,kapot
900,afbreken,18564,1,gebroken
901,verzoeken,18543,2,gezocht|verzoek
902,uiteindelijk,18521,1,uiteindelijk
903,verstoppen,18512,3,verstopt|verstoppen|verstop
904,kaarten,18486,1,kaart
905,kerk,18459,1,kerk
906,achterlaten,18420,3,achtergelaten|achterlaten|achterliet
907,systeem,18419,2,systeem|systemen
908,i,18361,1,i
909,max,18349,1,max
910,wegwezen,18295,1,wegwezen
911,beslissen,18292,3,beslissen|beslist|beslis
912,plan,18287,1,plannen
913,nijgen,18197,1,negen
914,gebieden,18164,1,gebied
915,beiden,18129,1,beiden
916,eind,18074,1,eind
917,diepen,17969,1,diep
918,waarschuwen,17954,3,waarschuwen|gewaarschuwd|waarschuw
919,verrassing,17945,2,verrassing|verrassingen
920,verpesten,17888,2,verpest|verpesten
921,zwanger,17883,1,zwanger
922,club,17847,1,club
923,trouwen,17837,3,trouw|trouwde|trouwt
924,boodschap,17834,2,boodschap|boodschappen
925,leveren,17825,4,leveren|lever|levert|geleverd
926,respect,17819,1,respect
927,waarvoor,17778,1,waarvoor
928,missie,17760,1,missie
929,cool,17753,1,cool
930,danny,17738,1,danny
931,amerika,17722,1,amerika
932,zonnen,17668,1,zon
933,waarop,17623,1,waarop
934,rijk,17591,1,rijk
935,velen,17567,2,vele|velen
936,risico,17565,1,risico
937,meestal,17535,1,meestal
938,neuken,17518,4,neuken|geneukt|neuk|neukt
939,kwalijk,17489,1,kwalijk
940,menselijk,17426,2,menselijke|menselijk
941,bar,17399,1,bar
942,vuil,17382,2,vuile|vuil
943,hoeve,17374,1,hoeven
944,midden,17368,1,midden
945,hopelijk,17355,1,hopelijk
946,lijnen,17340,1,lijn
947,gezet,17280,1,gezet
948,honderd,17255,2,honderd|honderden
949,gevecht,17237,2,gevecht|gevechten
950,a,17228,1,a
951,mes,17220,2,mes|messen
952,ochtend,17211,2,ochtend|ochtends
953,gebruiken,17207,2,gebruikte|gebruikten
954,bereiden,17178,2,bereid|bereiden
955,aandacht,17149,1,aandacht
956,schoon,17115,2,schoon|schone
957,cel,17107,2,cel|cellen
958,komaan,17097,1,komaan
959,rode,17094,1,rode
960,adres,17033,1,adres
961,richten,16980,3,richten|richt|gericht
962,ring,16932,2,ring|ringen
963,zee,16907,1,zee
964,plegen,16884,3,plegen|gepleegd|pleegde
965,simpel,16814,2,simpel|simpele
966,veroorzaken,16788,3,veroorzaakt|veroorzaken|veroorzaakte
967,verschrikkelijk,16782,2,verschrikkelijk|verschrikkelijke
968,vermist,16745,2,vermist|vermiste
969,verslaan,16743,2,verslaan|verslagen
970,daarvan,16741,1,daarvan
971,jimmy,16731,1,jimmy
972,rotten,16702,1,rot
973,lessen,16664,1,les
974,zelfmoord,16582,1,zelfmoord
975,bespreken,16575,2,bespreken|besproken
976,computeren,16550,1,computer
977,verdacht,16476,1,verdachte
978,sarah,16448,1,sarah
979,aflezen,16431,1,gelezen
980,zul,16379,1,zul
981,waag,16371,1,wagen
982,angst,16369,1,angst
983,starten,16335,2,start|starten
984,steel,16259,1,stelen
985,eindigen,16237,3,eindigen|eindigt|eindigde
986,positie,16214,1,positie
987,sheriff,16193,1,sheriff
988,testen,16191,2,test|getest
989,misdaad,16167,2,misdaad|misdaden
990,totaal,16138,2,totaal|totale
991,helft,16125,1,helft
992,r,16120,1,r
993,krant,16104,2,krant|kranten
994,overkomen,16099,2,overkomen|overkomt
995,keu,16097,1,keus
996,vanmorgen,16088,1,vanmorgen
997,park,16023,1,park
998,weigeren,16015,5,weigeren|weigerde|weigert|geweigerd|weiger
999,bezitten,16014,3,bezit|bezitten|bezeten
1000,zulk,16011,1,zulke
1001,nick,16010,1,nick
1002,doorgaan,15999,2,doorgaan|doorgaat
1003,zaten,15964,1,zaten
1004,ren,15963,1,rennen
1005,gewond,15952,1,gewond
1006,sergeant,15937,1,sergeant
1007,volk,15922,1,volk
1008,ah,15873,1,ah
1009,allen,15862,1,allen
1010,tony,15856,1,tony
1011,onderzoek,15818,1,onderzoeken
1012,vliegen,15818,3,vlieg|vliegt|vloog
1013,haasten,15808,1,haast
1014,droom,15803,1,dromen
1015,bouwen,15779,2,bouwen|bouw
1016,meester,15752,1,meester
1017,kont,15749,1,kont
1018,oor,15740,2,oren|oor
1019,enig,15739,1,enig
1020,tante,15660,1,tante
1021,luiden,15618,2,geluid|luid
1022,wensen,15615,2,wens|wenst
1023,medicijn,15606,2,medicijnen|medicijn
1024,neuzen,15594,1,neus
1025,ach,15582,1,ach
1026,rekenen,15580,2,rekenen|reken
1027,verklaring,15572,1,verklaring
1028,broek,15572,1,broek
1029,dader,15566,2,dader|daders
1030,vijandin,15527,1,vijand
1031,verschillende,15473,1,verschillende
1032,geweer,15410,2,geweer|geweren
1033,kilometer,15397,2,kilometer|kilometers
1034,schot,15382,2,schot|schoten
1035,geschiedenis,15380,1,geschiedenis
1036,erachter,15369,1,erachter
1037,lullen,15357,1,lul
1038,leugen,15351,2,leugen|leugens
1039,hoogte,15286,1,hoogte
1040,vrede,15234,1,vrede
1041,bussen,15160,1,bus
1042,belachelijk,15128,1,belachelijk
1043,ramen,15119,1,raam
1044,cliënt,15115,2,cliënt|cliënten
1045,wijn,15098,1,wijn
1046,verbinden,15053,4,verbonden|verbind|verbinden|gebonden
1047,tonen,14977,3,toon|toont|toonde
1048,weekend,14956,1,weekend
1049,eh,14953,1,eh
1050,vogel,14950,2,vogel|vogels
1051,melden,14948,3,melden|meld|gemeld
1052,gevangene,14935,2,gevangene|gevangenen
1053,troep,14895,2,troep|troepen
1054,jim,14881,1,jim
1055,inspecteur,14873,1,inspecteur
1056,sporen,14858,1,spoor
1057,doos,14857,2,doos|dozen
1058,heldin,14812,1,held
1059,actie,14803,2,actie|acties
1060,been,14797,1,benen
1061,waarvan,14794,1,waarvan
1062,tas,14788,1,tas
1063,thee,14778,1,thee
1064,ray,14761,1,ray
1065,jane,14761,1,jane
1066,nekken,14751,1,nek
1067,waarderen,14680,2,waardeer|waarderen
1068,ongelooflijk,14676,1,ongelooflijk
1069,code,14645,2,code|codes
1070,varken,14587,3,beer|varken|varkens
1071,favoriet,14584,2,favoriete|favoriet
1072,gaaf,14554,2,gaaf|gave
1073,gemeen,14514,2,gemeen|gemene
1074,professor,14494,1,professor
1075,verschillen,14491,1,verschil
1076,slot,14475,2,slot|sloten
1077,collega,14472,1,collega
1078,bewaren,14444,3,bewaren|bewaar|bewaard
1079,will,14435,1,will
1080,alweer,14429,1,alweer
1081,kaart,14425,2,kaarten|kaartje
1082,herinnering,14403,2,herinneringen|herinnering
1083,benen,14381,1,been
1084,verjaardag,14381,1,verjaardag
1085,liften,14378,1,lift
1086,wonder,14369,2,wonder|wonderen
1087,tommy,14365,1,tommy
1088,twijfelen,14364,2,twijfel|twijfelen
1089,bob,14361,1,bob
1090,koning,14348,1,koningin
1091,teveel,14324,1,teveel
1092,levend,14323,1,levend
1093,waarmee,14306,1,waarmee
1094,hoer,14297,2,hoer|hoeren
1095,grenzen,14285,2,grens|grenzen
1096,trein,14257,1,trein
1097,da,14253,1,da
1098,langzaam,14245,2,langzaam|langzamer
1099,monsteren,14236,1,monster
1100,bloem,14229,2,bloemen|bloem
1101,spoor,14210,1,sporen
1102,opa,14207,1,opa
1103,cadeau,14174,3,cadeau|cadeautje|cadeaus
1104,lot,14162,1,lot
1105,flessen,14148,2,fles|flessen
1106,richting,14146,1,richting
1107,vormen,14142,2,vorm|vormt
1108,merken,14124,4,merk|gemerkt|merkte|merkt
1109,gestopt,14073,1,gestopt
1110,hoge,14054,1,hoge
1111,boord,14049,1,boord
1112,ophalen,14018,2,ophalen|opgehaald
1113,beweging,13997,2,beweging|bewegingen
1114,beest,13991,2,beest|beesten
1115,gepakt,13989,1,gepakt
1116,you,13969,1,you
1117,motor,13964,2,motor|motoren
1118,binnenkomen,13947,4,binnenkomen|binnenkwam|binnenkomt|binnengekomen
1119,vannacht,13933,1,vannacht
1120,zwak,13933,2,zwak|zwakke
1121,ijs,13920,1,ijs
1122,rennen,13906,3,ren|rende|rent
1123,beuren,13888,1,beurt
1124,appartement,13873,1,appartement
1125,d,13848,1,d
1126,begraven,13845,1,begraven
1127,indruk,13830,1,indruk
1128,vlees,13793,1,vlees
1129,strijden,13791,1,strijd
1130,keuken,13747,1,keuken
1131,energie,13730,1,energie
1132,detail,13703,2,details|detail
1133,aanraken,13700,3,aanraken|aangeraakt|aanraakt
1134,lasten,13683,1,last
1135,la,13673,1,la
1136,ophouden,13661,1,ophouden
1137,hang,13656,1,hangen
1138,kennis,13650,1,kennis
1139,bill,13647,1,bill
1140,groeien,13613,3,groeien|groeit|groeide
1141,mobiel,13580,3,mobiel|mobiele|mobieltje
1142,basis,13578,1,basis
1143,accepteren,13576,3,accepteren|accepteer|geaccepteerd
1144,kater,13563,1,kat
1145,bevestigen,13562,3,bevestigen|bevestigd|bevestigt
1146,glas,13552,1,glas
1147,dankzij,13538,1,dankzij
1148,officier,13531,2,officier|officieren
1149,opgeven,13495,2,opgeven|opgegeven
1150,zwart,13488,1,zwart
1151,reageren,13480,3,reageren|reageert|reageerde
1152,richard,13464,1,richard
1153,grijpen,13443,3,grijp|grijpen|greep
1154,ontvangen,13418,2,ontvangen|ontvangt
1155,politiek,13415,2,politiek|politieke
1156,bebossen,13383,1,bos
1157,lied,13341,2,liedje|lied
1158,godsnaam,13339,1,godsnaam
1159,werkelijk,13314,1,werkelijk
1160,keer,13311,2,keren|keertje
1161,commandant,13272,1,commandant
1162,billy,13266,1,billy
1163,jake,13262,1,jake
1164,jurk,13232,1,jurk
1165,gevang,13230,1,gevangen
1166,mogelijkheid,13221,2,mogelijkheid|mogelijkheden
1167,veiligheid,13208,1,veiligheid
1168,hoek,13198,1,hoek
1169,hiermee,13178,1,hiermee
1170,afstand,13177,1,afstand
1171,regering,13170,1,regering
1172,stoelen,13168,1,stoel
1173,daten,13163,2,date|daten
1174,kogelen,13153,1,kogel
1175,londen,13146,1,londen
1176,vlak,13140,1,vlak
1177,waarin,13129,1,waarin
1178,rechts,13107,1,rechts
1179,ineens,13102,1,ineens
1180,ernstig,13095,2,ernstig|ernstige
1181,ouwe,13089,1,ouwe
1182,wijze,13089,2,wijze|wijzen
1183,toestemming,13076,1,toestemming
1184,wraak,13075,1,wraak
1185,zacht,13075,4,zacht|zachte|zachtjes|zachter
1186,rollen,13061,1,rol
1187,eeuwig,13056,2,eeuwig|eeuwige
1188,opschieten,13050,1,opschieten
1189,duwen,13048,4,duwen|duw|duwde|geduwd
1190,publiek,13047,2,publiek|publieke
1191,herstellen,13023,3,herstellen|hersteld|herstel
1192,kalm,13022,1,kalm
1193,goud,13016,1,goud
1194,verantwoordelijk,13015,1,verantwoordelijk
1195,verdorie,13008,1,verdorie
1196,ervaring,13006,1,ervaring
1197,broeder,13001,2,broeder|broeders
1198,steve,12989,1,steve
1199,mark,12977,1,mark
1200,and,12942,1,and
1201,gratis,12925,1,gratis
1202,echtgenoot,12922,2,echtgenoot|echtgenote
1203,moord,12902,1,moorden
1204,dienen,12901,3,dienen|dient|dien
1205,zwijgen,12885,2,zwijgen|zwijg
1206,tand,12863,2,tanden|tand
1207,bedoeling,12855,2,bedoeling|bedoelingen
1208,eiland,12837,1,eiland
1209,beelden,12826,1,beeld
1210,leeftijd,12821,1,leeftijd
1211,teken,12795,1,tekenen
1212,bomen,12793,1,boom
1213,rapport,12786,2,rapport|rapporten
1214,uitzoeken,12781,1,uitzoeken
1215,dak,12758,1,dak
1216,besloten,12753,1,besloten
1217,bron,12743,2,bron|bronnen
1218,laag,12741,2,laag|lager
1219,lunchen,12721,1,lunch
1220,ryan,12707,1,ryan
1221,eraf,12684,1,eraf
1222,achteruit,12672,1,achteruit
1223,straffen,12670,2,straf|gestraft
1224,johnny,12668,1,johnny
1225,dorp,12652,1,dorp
1226,eikelen,12648,1,eikel
1227,bobby,12640,1,bobby
1228,past,12613,1,past
1229,flink,12598,2,flink|flinke
1230,machine,12555,2,machine|machines
1231,homo,12552,1,homo
1232,crimineel,12541,3,crimineel|criminelen|criminele
1233,dna,12521,1,dna
1234,steunen,12516,2,steun|steunt
1235,hoelang,12478,1,hoelang
1236,eenmaal,12477,1,eenmaal
1237,blauwe,12465,1,blauwe
1238,tellen,12441,2,telt|tel
1239,kate,12405,1,kate
1240,officieel,12405,2,officieel|officiële
1241,parijs,12394,1,parijs
1242,toevallig,12377,1,toevallig
1243,leiding,12359,1,leiding
1244,edelachtbaar,12356,1,edelachtbare
1245,verbazen,12351,3,verbaasd|verbaast|verbazen
1246,verwijten,12329,1,geweten
1247,heiligen,12320,1,heilige
1248,restaurant,12303,1,restaurant
1249,roken,12295,2,rook|rookt
1250,handelen,12294,2,handel|handelen
1251,toegang,12292,1,toegang
1252,Amerikaan,12258,2,amerikanen|amerikaan
1253,luke,12254,1,luke
1254,taken,12244,1,taak
1255,ware,12221,1,ware
1256,lab,12191,1,lab
1257,meemaken,12191,2,meegemaakt|meemaken
1258,vakantie,12172,1,vakantie
1259,behoorlijk,12165,1,behoorlijk
1260,sleutel,12150,1,sleutels
1261,uitnodigen,12149,2,uitgenodigd|uitnodigen
1262,video,12131,1,video
1263,eng,12116,2,eng|enge
1264,bevallen,12060,2,bevalt|bevallen
1265,verwijderen,12053,2,verwijderd|verwijderen
1266,betreffen,12051,1,betreft
1267,eric,12044,1,eric
1268,eenheid,12040,2,eenheid|eenheden
1269,ei,12034,2,eieren|ei
1270,ruim,12026,2,ruim|ruimen
1271,ms,12018,1,ms
1272,compleet,12017,2,compleet|complete
1273,proces,12012,1,proces
1274,opdracht,12009,1,opdracht
1275,programma,12007,1,programma
1276,klote,11994,1,klote
1277,leidster,11986,1,leider
1278,aanbieden,11969,2,aanbieden|aangeboden
1279,war,11967,2,war|warren
1280,test,11966,2,testen|tests
1281,waardoor,11962,1,waardoor
1282,antwoord,11961,1,antwoorden
1283,gezond,11950,2,gezond|gezonde
1284,jagen,11947,2,jagen|jaagt
1285,bruiloft,11933,1,bruiloft
1286,Duits,11928,2,duitse|duits
1287,smaken,11910,2,smaak|smaakt
1288,directeur,11881,1,directeur
1289,verbranden,11871,2,verbrand|verbranden
1290,bewaker,11830,2,bewakers|bewaker
1291,goedenavond,11797,1,goedenavond
1292,advies,11797,1,advies
1293,hoewel,11793,1,hoewel
1294,eddie,11790,1,eddie
1295,chris,11763,1,chris
1296,welterusten,11756,1,welterusten
1297,volwassen,11743,1,volwassen
1298,afmaken,11727,2,afmaken|afgemaakt
1299,majoor,11718,1,majoor
1300,schijnen,11712,2,schijnt|schijn
1301,radio,11705,1,radio
1302,aangenaam,11704,1,aangenaam
1303,signaal,11694,2,signaal|signalen
1304,eeuw,11691,2,eeuw|eeuwen
1305,manen,11687,1,maan
1306,vergemakkelijken,11666,1,gemakkelijk
1307,klas,11655,1,klas
1308,kost,11641,1,kosten
1309,student,11633,2,studenten|student
1310,martin,11630,1,martin
1311,procent,11617,1,procent
1312,misten,11610,1,mist
1313,pad,11602,1,pad
1314,lenen,11596,2,lenen|geleend
1315,vrijheid,11593,1,vrijheid
1316,overval,11569,2,overval|overvallen
1317,neef,11541,1,neef
1318,sukkel,11516,2,sukkel|sukkels
1319,dollen,11497,1,dol
1320,vissen,11485,1,vis
1321,waarover,11484,1,waarover
1322,rood,11477,1,rood
1323,verzinnen,11462,3,verzinnen|verzonnen|verzin
1324,hersenen,11459,1,hersenen
1325,taxiën,11440,1,taxi
1326,voorkomen,11440,1,voorkomen
1327,onthouden,11431,2,onthouden|onthoud
1328,okay,11414,1,okay
1329,dubbel,11413,2,dubbele|dubbel
1330,oppakken,11409,2,opgepakt|oppakken
1331,binnenkort,11407,1,binnenkort
1332,terecht,11403,1,terecht
1333,mening,11395,1,mening
1334,top,11364,1,top
1335,vriendelijk,11316,2,vriendelijk|vriendelijke
1336,resultaat,11295,2,resultaten|resultaat
1337,verhuizen,11271,2,verhuizen|verhuisd
1338,thomas,11269,1,thomas
1339,winden,11267,1,wind
1340,jaloers,11264,1,jaloers
1341,kevin,11259,1,kevin
1342,rachel,11259,1,rachel
1343,onmiddellijk,11237,1,onmiddellijk
1344,gedrag,11226,1,gedrag
1345,charles,11225,1,charles
1346,stem,11212,1,stemmen
1347,ontbijten,11199,1,ontbijt
1348,lol,11182,1,lol
1349,walter,11179,1,walter
1350,snijden,11178,3,snijden|snij|sneed
1351,rivier,11155,1,rivier
1352,twaalf,11155,1,twaalf
1353,voedsel,11152,1,voedsel
1354,gauw,11151,1,gauw
1355,adam,11133,1,adam
1356,cheffin,11114,1,chef
1357,brian,11108,1,brian
1358,anna,11096,1,anna
1359,detective,11095,1,detective
1360,saai,11095,2,saai|saaie
1361,verraden,11091,1,verraden
1362,militair,11085,2,militaire|militair
1363,don,11075,1,don
1364,verandering,11061,2,verandering|veranderingen
1365,wellen,11059,1,geweld
1366,akkoord,11046,1,akkoord
1367,toon,11039,1,tonen
1368,huren,11030,3,huur|huurde|gehuurd
1369,verband,11011,1,verband
1370,pil,11004,2,pillen|pil
1371,brug,10998,1,brug
1372,eenvoudig,10998,2,eenvoudig|eenvoudige
1373,jassen,10995,1,jas
1374,daniel,10992,1,daniel
1375,trappen,10991,1,trap
1376,mijnheer,10988,1,mijnheer
1377,zenden,10980,2,zonde|zonden
1378,street,10973,1,street
1379,opnemen,10973,1,opnemen
1380,robert,10971,1,robert
1381,schade,10968,1,schade
1382,blijken,10943,1,blijkt
1383,kip,10920,2,kip|kippen
1384,huiden,10908,1,huid
1385,zak,10887,1,zakken
1386,arts,10860,1,arts
1387,beantwoorden,10832,2,beantwoorden|beantwoord
1388,scott,10828,1,scott
1389,smeken,10783,3,smeek|smeken|smeekte
1390,smerig,10774,2,smerig|smerige
1391,ontvoeren,10765,2,ontvoerd|ontvoeren
1392,tegenhouden,10760,1,tegenhouden
1393,knul,10737,1,knul
1394,engels,10721,1,engels
1395,sommigen,10681,1,sommigen
1396,yeah,10679,1,yeah
1397,medische,10658,1,medische
1398,vasthouden,10648,2,vasthouden|vastgehouden
1399,sexy,10644,1,sexy
1400,burgemeester,10640,1,burgemeester
1401,lee,10638,1,lee
1402,knie,10605,2,knieën|knie
1403,kus,10594,1,kussen
1404,captain,10554,1,captain
1405,wees,10549,1,wezen
1406,zomeren,10498,1,zomer
1407,dik,10496,1,dikke
1408,eigenares,10493,1,eigenaar
1409,universiteit,10490,1,universiteit
1410,gegeven,10472,1,gegevens
1411,claire,10471,1,claire
1412,beveiliging,10458,1,beveiliging
1413,lisa,10455,1,lisa
1414,verborgen,10430,1,verborgen
1415,carrière,10408,1,carrière
1416,vrezen,10405,2,vrees|vrezen
1417,amy,10386,1,amy
1418,datum,10339,2,data|datum
1419,blind,10335,2,blind|blinde
1420,super,10321,1,super
1421,vrije,10319,1,vrije
1422,heks,10305,2,heks|heksen
1423,opeens,10303,1,opeens
1424,afgesproken,10293,1,afgesproken
1425,openbaren,10277,2,openbaar|openbare
1426,verrassen,10265,2,verrast|verrassen
1427,brood,10264,2,brood|broodje
1428,kampen,10229,1,kamp
1429,washington,10209,1,washington
1430,afdeling,10191,1,afdeling
1431,boelen,10160,1,boel
1432,stranden,10139,1,strand
1433,jason,10134,1,jason
1434,magie,10125,1,magie
1435,oplossing,10113,1,oplossing
1436,fan,10091,2,fan|fans
1437,type,10088,1,type
1438,rust,10084,1,rusten
1439,wellicht,10071,1,wellicht
1440,beeld,10067,1,beelden
1441,vullen,10060,3,vullen|gevuld|vul
1442,uitzien,10058,2,uitzien|uitziet
1443,ontspannen,10053,2,ontspannen|ontspan
1444,genaamd,10052,1,genaamd
1445,voer,10043,1,voeren
1446,nauwelijks,10026,1,nauwelijks
1447,geïnteresseerd,10007,1,geïnteresseerd
1448,verlaat,10001,1,verlaat
1449,duivelin,9993,1,duivel
1450,aanklacht,9958,2,aanklacht|aanklachten
1451,voordeel,9939,2,voordeel|voordelen
1452,pond,9919,1,pond
1453,gedoe,9906,1,gedoe
1454,city,9905,1,city
1455,nerveus,9900,1,nerveus
1456,ophangen,9872,2,ophangen|opgehangen
1457,locatie,9870,1,locatie
1458,blikken,9863,1,blik
1459,doelwit,9861,1,doelwit
1460,ronde,9859,2,ronde|rondje
1461,geheel,9846,2,geheel|gehele
1462,gokken,9840,2,gok|gokken
1463,verplaatsen,9833,2,verplaatsen|verplaatst
1464,onbekend,9831,2,onbekende|onbekend
1465,prettig,9829,2,prettig|prettige
1466,eenzaam,9824,2,eenzaam|eenzame
1467,twintig,9813,1,twintig
1468,emily,9812,1,emily
1469,logen,9793,1,loog
1470,studeren,9792,2,studeren|gestudeerd
1471,posten,9786,1,post
1472,aangevallen,9786,1,aangevallen
1473,emma,9773,1,emma
1474,gevolgd,9756,1,gevolgd
1475,release,9732,1,releases
1476,engeland,9705,1,engeland
1477,ziekte,9704,1,ziekte
1478,kyle,9697,1,kyle
1479,toilet,9686,1,toilet
1480,steen,9678,1,steen
1481,logisch,9674,1,logisch
1482,vies,9656,2,vies|vieze
1483,engel,9652,2,engel|engelen
1484,douchen,9640,2,douche|douchen
1485,zegenen,9629,3,zegen|gezegend|zegene
1486,gevolg,9624,2,gevolgen|gevolg
1487,leo,9613,1,leo
1488,piloot,9601,2,piloot|piloten
1489,lelijk,9596,2,lelijk|lelijke
1490,dankbaar,9586,1,dankbaar
1491,wow,9577,1,wow
1492,aangedaan,9574,1,aangedaan
1493,bord,9573,2,bord|borden
1494,andy,9572,1,andy
1495,jury,9566,1,jury
1496,vang,9551,1,vangen
1497,christus,9545,1,christus
1498,koffer,9545,2,koffer|koffers
1499,maria,9544,1,maria
1500,paniek,9534,1,paniek
1501,beroemd,9533,2,beroemd|beroemde
1502,nogmaals,9522,1,nogmaals
1503,steek,9512,1,steken
1504,jesse,9502,1,jesse
1505,pete,9489,1,pete
1506,theorie,9461,1,theorie
1507,kleuren,9459,1,kleur
1508,prinses,9457,1,prins
1509,visse,9451,1,vissen
1510,lid,9442,1,lid
1511,vergadering,9433,1,vergadering
1512,meerder,9432,1,meerdere
1513,ondanks,9431,1,ondanks
1514,stap,9407,1,stappen
1515,carter,9401,1,carter
1516,km,9386,1,km
1517,kwetsen,9383,2,gekwetst|kwetsen
1518,matten,9377,1,matt
1519,dikken,9368,1,dik
1520,aanwijzing,9363,2,aanwijzingen|aanwijzing
1521,rechtbank,9346,1,rechtbank
1522,harden,9341,1,harde
1523,genezen,9340,1,genezen
1524,scheiden,9329,2,scheiden|schei
1525,el,9326,2,el|ellen
1526,regenen,9324,2,regen|regent
1527,begrafenis,9310,1,begrafenis
1528,veld,9309,1,veld
1529,beseffen,9307,2,besefte|beseft
1530,naken,9290,2,naakt|naakte
1531,grace,9278,1,grace
1532,william,9263,1,william
1533,schattig,9263,1,schattig
1534,vijand,9246,1,vijanden
1535,order,9234,2,orders|order
1536,tevreden,9218,1,tevreden
1537,gave,9217,1,gaven
1538,taart,9211,1,taart
1539,optie,9202,2,optie|opties
1540,flat,9178,1,flat
1541,san,9157,1,san
1542,vlucht,9150,1,vluchten
1543,persen,9149,1,pers
1544,verzetten,9149,2,verzet|verzetten
1545,project,9142,1,project
1546,st,9134,1,st
1547,belang,9130,1,belang
1548,frankrijk,9130,1,frankrijk
1549,nachtmerrie,9119,2,nachtmerrie|nachtmerries
1550,afschieten,9109,1,geschoten
1551,prins,9099,1,prinses
1552,zwaard,9096,1,zwaard
1553,aandoen,9094,1,aandoen
1554,arthur,9089,1,arthur
1555,annie,9088,1,annie
1556,verdragen,9074,1,gedragen
1557,bende,9073,1,bende
1558,schreeuwen,9073,3,schreeuw|schreeuwde|schreeuwt
1559,opeten,9059,2,opeten|opgegeten
1560,jouw,9051,1,jouwe
1561,assistent,9049,2,assistent|assistente
1562,vinger,9044,1,vingers
1563,lassen,9042,1,las
1564,omgaan,9022,2,omgaan|omgaat
1565,realiseren,9004,3,realiseerde|realiseer|realiseren
1566,tuinen,8993,1,tuin
1567,sean,8969,1,sean
1568,Russisch,8962,2,russische|russisch
1569,vrijdag,8950,1,vrijdag
1570,opstaan,8950,1,opstaan
1571,kunst,8944,1,kunst
1572,sterken,8944,1,sterke
1573,afscheid,8934,1,afscheid
1574,minister,8920,1,minister
1575,clark,8919,1,clark
1576,coach,8916,1,coach
1577,verbod,8915,1,verboden
1578,lage,8898,2,lagen|lage
1579,kelderen,8887,1,kelder
1580,gezelschap,8871,1,gezelschap
1581,bijvoorbeeld,8849,1,bijvoorbeeld
1582,besef,8848,2,besef|beseffen
1583,bedreigen,8840,3,bedreigd|bedreigde|bedreigen
1584,to,8838,1,to
1585,toeval,8836,1,toeval
1586,hiervan,8829,1,hiervan
1587,simon,8815,1,simon
1588,jerry,8815,1,jerry
1589,melken,8804,1,melk
1590,kelly,8804,1,kelly
1591,lui,8800,1,lui
1592,aannemen,8786,1,aannemen
1593,uitstekend,8782,1,uitstekend
1594,tegenover,8781,1,tegenover
1595,chicago,8779,1,chicago
1596,gedragen,8770,2,gedraagt|gedraag
1597,volle,8752,1,volle
1598,illegaal,8750,2,illegaal|illegale
1599,rat,8730,2,rat|ratten
1600,moed,8710,1,moed
1601,sigaret,8709,2,sigaret|sigaretten
1602,verzekeren,8693,3,verzeker|verzekeren|verzekerd
1603,alice,8691,1,alice
1604,vergissing,8686,1,vergissing
1605,schouder,8665,2,schouder|schouders
1606,joey,8607,1,joey
1607,truck,8586,1,truck
1608,tegenwoordig,8571,1,tegenwoordig
1609,kwestie,8570,1,kwestie
1610,puur,8567,2,puur|pure
1611,opzij,8560,1,opzij
1612,gaande,8560,1,gaande
1613,omgeving,8551,1,omgeving
1614,vanochtend,8541,1,vanochtend
1615,kast,8535,1,kast
1616,aanbod,8527,1,aanbod
1617,sms,8520,1,sms
1618,gerucht,8516,2,geruchten|gerucht
1619,contract,8494,1,contract
1620,lady,8489,1,lady
1621,concentreren,8488,2,concentreren|concentreer
1622,majesteit,8483,1,majesteit
1623,cia,8480,1,cia
1624,carl,8479,1,carl
1625,demon,8476,2,demon|demonen
1626,daad,8459,2,daad|daden
1627,dekken,8458,2,dek|dekken
1628,genoegen,8447,1,genoegen
1629,senator,8439,1,senator
1630,buur,8438,1,buren
1631,alan,8434,1,alan
1632,internetten,8430,1,internet
1633,vloeren,8424,1,vloer
1634,zwemmen,8423,1,zwemmen
1635,taylor,8421,1,taylor
1636,opgesloten,8420,1,opgesloten
1637,zielig,8414,2,zielig|zielige
1638,ontslag,8411,1,ontslag
1639,borsten,8399,1,borst
1640,schreeuw,8397,1,schreeuwen
1641,nat,8397,2,nat|natte
1642,blank,8384,1,blanke
1643,ed,8372,1,ed
1644,dave,8356,1,dave
1645,lucy,8355,1,lucy
1646,verspreiden,8355,2,verspreiden|verspreid
1647,herhalen,8348,2,herhaal|herhalen
1648,bergen,8342,1,berg
1649,bevrijden,8338,2,bevrijden|bevrijd
1650,noorden,8336,1,noorden
1651,schamen,8306,2,schaam|schamen
1652,weglopen,8301,2,weglopen|weggelopen
1653,daardoor,8296,1,daardoor
1654,eisen,8289,2,eisen|eis
1655,omstandigheid,8288,1,omstandigheden
1656,heus,8275,1,heus
1657,koken,8275,1,koken
1658,staren,8273,2,staart|staren
1659,vingerafdruk,8269,1,vingerafdrukken
1660,seksueel,8267,2,seksuele|seksueel
1661,trut,8266,1,trut
1662,slecht,8263,2,slechter|slechtste
1663,hiervoor,8262,1,hiervoor
1664,braaf,8261,2,brave|braaf
1665,tent,8255,1,tent
1666,pauze,8254,1,pauze
1667,raad,8254,1,raden
1668,roep,8252,1,roepen
1669,leugenaar,8239,1,leugenaar
1670,bekken,8238,1,bek
1671,oproep,8234,2,oproep|oproepen
1672,vervangen,8233,1,vervangen
1673,alarm,8233,1,alarm
1674,interesse,8232,1,interesse
1675,talent,8232,1,talent
1676,bereiken,8230,1,bereikt
1677,kankeren,8210,1,kanker
1678,ted,8210,1,ted
1679,uitschakelen,8207,2,uitgeschakeld|uitschakelen
1680,aangezien,8202,1,aangezien
1681,des,8200,1,des
1682,rose,8194,1,rose
1683,romantisch,8177,2,romantisch|romantische
1684,mexico,8176,1,mexico
1685,dwingen,8175,2,dwingen|dwong
1686,kerst,8173,1,kerst
1687,louis,8172,1,louis
1688,invloed,8156,1,invloed
1689,geheugen,8155,1,geheugen
1690,station,8147,1,station
1691,doorheen,8142,1,doorheen
1692,verantwoordelijkheid,8136,1,verantwoordelijkheid
1693,rome,8132,1,rome
1694,diner,8131,1,diner
1695,besluit,8129,1,besluit
1696,vlug,8124,1,vlug
1697,verontschuldigen,8111,2,verontschuldigen|verontschuldig
1698,long,8105,2,longen|long
1699,west,8101,1,west
1700,huh,8099,1,huh
1701,verstand,8091,1,verstand
1702,juffrouw,8087,1,juffrouw
1703,waardeloos,8084,2,waardeloos|waardeloze
1704,bescherming,8078,1,bescherming
1705,onderdeel,8075,2,onderdeel|onderdelen
1706,quality,8065,1,quality
1707,stilte,8058,1,stilte
1708,bakken,8052,1,bak
1709,wegkomen,8050,2,wegkomt|wegkomen
1710,erom,8047,1,erom
1711,zojuist,8040,1,zojuist
1712,kilo,8038,1,kilo
1713,chuck,8037,1,chuck
1714,slang,8036,2,slang|slangen
1715,vorm,8033,1,vormen
1716,jood,8030,2,joden|jood
1717,vaarwel,8025,1,vaarwel
1718,stormen,8020,1,storm
1719,hoeden,8018,1,hoed
1720,ambulance,8013,1,ambulance
1721,nicht,8011,2,nicht|nichtje
1722,opgenomen,8003,1,opgenomen
1723,dumpen,7991,2,gedumpt|dumpen
1724,pizza,7986,1,pizza
1725,overtuigen,7979,1,overtuigen
1726,verzamelen,7978,2,verzamelen|verzamel
1727,verschijnen,7977,3,verschijnen|verscheen|verschijnt
1728,dodelijk,7968,2,dodelijk|dodelijke
1729,kogel,7963,1,kogels
1730,schilderij,7961,2,schilderij|schilderijen
1731,toegeven,7951,1,toegeven
1732,smith,7944,1,smith
1733,high,7935,1,high
1734,kalmeren,7933,2,kalmeer|kalmeren
1735,quantity,7931,1,quantity
1736,uitvoeren,7924,2,uitvoeren|uitgevoerd
1737,phil,7921,1,phil
1738,cent,7919,1,cent
1739,plaat,7917,3,plaat|plaatje|platen
1740,rijten,7914,1,reet
1741,garage,7912,1,garage
1742,big,7909,1,big
1743,kluis,7909,1,kluis
1744,slaapkamer,7905,1,slaapkamer
1745,vet,7905,2,vet|vette
1746,vandoor,7904,1,vandoor
1747,voeren,7899,2,voer|voert
1748,veroordelen,7871,2,veroordeeld|veroordelen
1749,jackson,7866,1,jackson
1750,vervelend,7852,1,vervelend
1751,vs,7845,1,vs
1752,negeren,7827,2,negeren|negeer
1753,doorbrengen,7825,2,doorbrengen|doorgebracht
1754,klappen,7809,1,klap
1755,abby,7805,1,abby
1756,strijken,7804,1,streek
1757,zaterdag,7798,1,zaterdag
1758,zicht,7795,1,zicht
1759,jones,7785,1,jones
1760,elfin,7782,1,elf
1761,gewennen,7771,1,gewend
1762,reactie,7768,1,reactie
1763,jazeker,7763,1,jazeker
1764,blauw,7761,1,blauw
1765,schoonheid,7749,1,schoonheid
1766,ho,7742,1,ho
1767,hank,7742,1,hank
1768,klussen,7741,1,klus
1769,klagen,7732,2,klagen|klaag
1770,technisch,7723,2,technisch|technische
1771,vampier,7720,2,vampier|vampiers
1772,joch,7712,2,jochie|joch
1773,toestaan,7710,2,toestaan|toegestaan
1774,dapper,7702,2,dapper|dappere
1775,roger,7695,1,roger
1776,helen,7694,1,helen
1777,gebouwd,7693,1,gebouwd
1778,larry,7680,1,larry
1779,terrorist,7675,2,terroristen|terrorist
1780,ogenblik,7674,2,ogenblik|ogenblikje
1781,waren,7657,1,waarde
1782,graf,7642,1,graf
1783,verdediging,7641,1,verdediging
1784,bleken,7633,1,bleek
1785,talen,7631,1,taal
1786,overheid,7619,1,overheid
1787,bijten,7619,2,beet|bijt
1788,wedden,7609,1,wed
1789,huizen,7602,1,huizen
1790,identificeren,7596,2,identificeren|geïdentificeerd
1791,uiteraard,7595,1,uiteraard
1792,gerust,7591,1,gerust
1793,zone,7589,2,zone|zonen
1794,manager,7587,1,manager
1795,verdedigen,7587,1,verdedigen
1796,vals,7585,1,valse
1797,westen,7570,1,westen
1798,amper,7569,1,amper
1799,stallen,7566,1,stal
1800,job,7562,1,job
1801,niveau,7547,1,niveau
1802,poging,7520,1,poging
1803,meegaan,7517,2,meegaan|meegaat
1804,overtuigd,7516,1,overtuigd
1805,stromen,7513,1,stroom
1806,wetenschap,7508,1,wetenschap
1807,momenteel,7507,1,momenteel
1808,wauw,7505,1,wauw
1809,opzet,7500,2,opzet|opzetten
1810,vincent,7497,1,vincent
1811,briljant,7497,2,briljant|briljante
1812,lily,7490,1,lily
1813,les,7490,2,lessen|lesje
1814,josh,7486,1,josh
1815,kelen,7485,1,keel
1816,gouden,7482,1,gouden
1817,sociaal,7481,2,sociale|sociaal
1818,robin,7469,1,robin
1819,bemoeien,7467,2,bemoei|bemoeien
1820,wetenschapper,7459,2,wetenschappers|wetenschapper
1821,geduld,7456,1,geduld
1822,stijgen,7454,3,steeg|stijgen|stijgt
1823,europa,7453,1,europa
1824,gescheiden,7445,1,gescheiden
1825,snelheid,7440,1,snelheid
1826,gary,7438,1,gary
1827,rotzooi,7433,1,rotzooi
1828,beschuldigen,7429,2,beschuldigd|beschuldigen
1829,diep,7420,2,diepe|dieper
1830,natuur,7412,1,natuur
1831,maggie,7402,1,maggie
1832,buik,7400,1,buik
1833,vingeren,7396,1,vinger
1834,king,7392,1,king
1835,goedkoop,7392,2,goedkoop|goedkope
1836,virus,7387,1,virus
1837,ha,7385,1,ha
1838,jeff,7385,1,jeff
1839,plus,7377,1,plus
1840,groene,7372,1,groene
1841,boom,7360,1,bomen
1842,personeel,7354,1,personeel
1843,patrick,7353,1,patrick
1844,karen,7352,1,karen
1845,positief,7351,2,positief|positieve
1846,commissaris,7350,1,commissaris
1847,sara,7349,1,sara
1848,zuiden,7345,1,zuiden
1849,stoffen,7339,1,stof
1850,badkamer,7339,1,badkamer
1851,zondag,7337,1,zondag
1852,erheen,7336,1,erheen
1853,gevoelig,7332,2,gevoelig|gevoelige
1854,magisch,7321,2,magische|magisch
1855,aanwezig,7308,1,aanwezig
1856,lerares,7306,1,leraar
1857,maandag,7306,1,maandag
1858,doorzoeken,7301,2,doorzoeken|doorzocht
1859,diamant,7292,2,diamanten|diamant
1860,vergelijken,7287,2,vergeleken|vergelijken
1861,it,7283,1,it
1862,Fransman,7272,1,franse
1863,berg,7268,1,bergen
1864,Duitser,7268,1,duitsers
1865,woeden,7267,1,woede
1866,kleding,7252,1,kleding
1867,stond,7245,1,stonden
1868,uitmaken,7236,2,uitmaken|uitmaakt
1869,hemelsnaam,7230,1,hemelsnaam
1870,dean,7229,1,dean
1871,verslag,7222,1,verslag
1872,emotioneel,7214,2,emotioneel|emotionele
1873,ex,7213,1,ex
1874,julia,7209,1,julia
1875,daarbij,7208,1,daarbij
1876,julie,7205,1,julie
1877,victor,7198,1,victor
1878,ondervragen,7195,2,ondervragen|ondervraagd
1879,jenny,7192,1,jenny
1880,elizabeth,7189,1,elizabeth
1881,oceaan,7186,1,oceaan
1882,god,7183,1,goden
1883,voorlopig,7179,1,voorlopig
1884,schakelen,7168,2,schakel|schakelen
1885,aanpak,7164,2,aanpakken|aanpak
1886,verdenken,7161,1,verdacht
1887,tunnel,7151,2,tunnel|tunnels
1888,susan,7144,1,susan
1889,privé,7143,1,privé
1890,vore,7138,1,voren
1891,stan,7138,1,stan
1892,neen,7128,1,neen
1893,uitkomen,7110,2,uitkomen|uitkomt
1894,graad,7099,1,graden
1895,filmen,7099,2,filmen|gefilmd
1896,checken,7098,2,check|checken
1897,ongelofelijk,7097,1,ongelofelijk
1898,ervandoor,7086,1,ervandoor
1899,opgewonden,7082,1,opgewonden
1900,sterf,7080,1,sterf
1901,tim,7076,1,tim
1902,boerderij,7075,1,boerderij
1903,rijke,7073,1,rijke
1904,opname,7072,2,opname|opnames
1905,morgan,7068,1,morgan
1906,wc,7061,1,wc
1907,ernaar,7057,1,ernaar
1908,document,7056,2,documenten|document
1909,lord,7054,1,lord
1910,besluiten,7048,1,besloot
1911,behandeling,7048,1,behandeling
1912,morgenochtend,7047,1,morgenochtend
1913,doc,7047,1,doc
1914,scherpen,7044,2,scherp|scherpe
1915,tongen,7040,1,tong
1916,hitler,7035,1,hitler
1917,vanmiddag,7034,1,vanmiddag
1918,ruilen,7029,1,ruil
1919,nathan,7024,1,nathan
1920,oordelen,7016,2,oordeel|oordelen
1921,boeten,7015,2,boeten|boete
1922,kim,6990,1,kim
1923,sync,6986,1,sync
1924,tegelijk,6984,1,tegelijk
1925,drogen,6981,2,droog|droge
1926,vermoeden,6977,2,vermoeden|vermoed
1927,marine,6976,1,marine
1928,champagne,6964,1,champagne
1929,liefste,6962,1,liefste
1930,genade,6956,1,genade
1931,chauffeuse,6956,1,chauffeur
1932,wens,6955,1,wensen
1933,qoq,6944,1,qoq
1934,godverdomme,6941,1,godverdomme
1935,wegens,6923,1,wegens
1936,gouverneur,6920,1,gouverneur
1937,graaf,6915,1,graven
1938,terrein,6914,1,terrein
1939,boeren,6912,2,boeren|boer
1940,ontmoeting,6908,1,ontmoeting
1941,um,6883,1,um
1942,horloge,6883,1,horloge
1943,daarover,6864,1,daarover
1944,verloofde,6864,1,verloofde
1945,potten,6861,1,pot
1946,pensioen,6851,1,pensioen
1947,vrolijk,6840,1,vrolijk
1948,poort,6839,1,poort
1949,gunst,6837,1,gunst
1950,artikel,6835,1,artikel
1951,beweren,6834,2,beweert|beweren
1952,netje,6828,1,netjes
1953,reputatie,6818,1,reputatie
1954,raket,6815,2,raket|raketten
1955,partij,6808,1,partij
1956,komst,6788,1,komst
1957,verdieping,6787,1,verdieping
1958,dievegge,6779,1,dief
1959,voorbeeld,6777,1,voorbeeld
1960,geuren,6773,1,geur
1961,dicht,6773,1,dichter
1962,vliegveld,6771,1,vliegveld
1963,markt,6767,1,markt
1964,burger,6765,1,burgers
1965,centrum,6762,1,centrum
1966,overnemen,6756,2,overnemen|overgenomen
1967,ontzettend,6752,1,ontzettend
1968,slagen,6752,2,geslaagd|slaag
1969,chinezen,6748,2,chinees|chinezen
1970,alibi,6743,1,alibi
1971,beroven,6742,2,beroofd|beroven
1972,veronderstellen,6730,2,veronderstel|verondersteld
1973,minstens,6727,1,minstens
1974,whisky,6725,1,whisky
1975,duister,6721,2,duistere|duister
1976,stenen,6719,1,stenen
1977,universum,6719,1,universum
1978,gezondheid,6716,1,gezondheid
1979,daarheen,6710,1,daarheen
1980,Brits,6690,1,britse
1981,b,6686,1,b
1982,vergissen,6685,2,vergist|vergis
1983,komende,6682,1,komende
1984,kerstmis,6681,1,kerstmis
1985,steven,6677,2,steven|stevens
1986,have,6671,1,haven
1987,plicht,6667,1,plicht
1988,gebeurtenis,6656,2,gebeurtenissen|gebeurtenis
1989,afdruk,6644,2,afdrukken|afdruk
1990,voorwaarde,6635,2,voorwaarden|voorwaarde
1991,ross,6634,1,ross
1992,materiaal,6628,1,materiaal
1993,laura,6625,1,laura
1994,hartelijk,6621,1,hartelijk
1995,doug,6613,1,doug
1996,falen,6605,2,gefaald|falen
1997,professioneel,6604,2,professionele|professioneel
1998,charlotte,6601,1,charlotte
1999,online,6600,1,online
2000,onszelf,6593,1,onszelf
2001,shirt,6591,1,shirt
2002,sally,6590,1,sally
2003,priester,6580,1,priester
2004,zelfde,6577,1,zelfde
2005,proost,6572,1,proost
2006,klop,6570,1,kloppen
2007,gekend,6563,1,gekend
2008,vieren,6561,1,vierde
2009,kaas,6559,1,kaas
2010,opzoeken,6558,1,opzoeken
2011,schrik,6553,1,schrikken
2012,amanda,6547,1,amanda
2013,daarin,6540,1,daarin
2014,optreden,6537,1,optreden
2015,april,6536,1,april
2016,marcus,6532,1,marcus
2017,beroep,6530,1,beroep
2018,black,6529,1,black
2019,motief,6523,1,motief
2020,molly,6519,1,molly
2021,lucas,6515,1,lucas
2022,verderop,6514,1,verderop
2023,jachten,6513,1,jacht
2024,jeugd,6511,1,jeugd
2025,lokaal,6510,1,lokale
2026,kerstman,6489,1,kerstman
2027,doei,6484,1,doei
2028,toestand,6483,1,toestand
2029,technologie,6481,1,technologie
2030,baseren,6477,1,gebaseerd
2031,licht,6477,1,lichten
2032,mars,6474,1,mars
2033,bovendien,6473,1,bovendien
2034,cijfer,6472,1,cijfers
2035,belofte,6467,1,belofte
2036,bestand,6467,2,bestanden|bestand
2037,vertalen,6464,1,vertaald
2038,teleurgesteld,6461,1,teleurgesteld
2039,vriendschap,6458,1,vriendschap
2040,medelijden,6453,1,medelijden
2041,chip,6453,2,chip|chips
2042,fred,6451,1,fred
2043,chloe,6450,1,chloe
2044,fris,6442,2,frisse|fris
2045,ramp,6440,1,ramp
2046,vegas,6436,1,vegas
2047,inzet,6434,2,inzet|inzetten
2048,steun,6423,1,steunen
2049,wolvin,6421,1,wolf
2050,dwars,6414,1,dwars
2051,oefenen,6404,1,oefenen
2052,bezwaren,6403,1,bezwaar
2053,ontploffen,6390,2,ontploffen|ontploft
2054,china,6388,1,china
2055,jackie,6376,1,jackie
2056,ontwikkelen,6376,2,ontwikkeld|ontwikkelen
2057,groen,6370,1,groen
2058,min,6360,1,minst
2059,zwembad,6356,1,zwembad
2060,verdriet,6355,1,verdriet
2061,winter,6353,1,winter
2062,afgesloten,6348,1,afgesloten
2063,minnen,6345,1,min
2064,donderen,6340,1,donder
2065,monster,6329,1,monsters
2066,okee,6327,1,okee
2067,interesseren,6326,1,interesseert
2068,koers,6308,1,koers
2069,waarheen,6293,1,waarheen
2070,hierin,6292,1,hierin
2071,uniform,6289,1,uniform
2072,voorbereid,6284,1,voorbereid
2073,druk,6278,2,drukken|drukke
2074,rots,6230,2,rots|rotsen
2075,fuck,6216,1,fuck
2076,voldoende,6203,1,voldoende
2077,samenwerken,6201,1,samenwerken
2078,verstaan,6201,2,verstaan|versta
2079,lekker,6195,1,lekkere
2080,rui,6193,1,ruiken
2081,klokken,6193,1,klok
2082,duitsland,6188,1,duitsland
2083,gemeenschap,6187,1,gemeenschap
2084,redelijk,6185,1,redelijk
2085,wezen,6184,1,wezens
2086,echter,6184,1,echter
2087,getekend,6171,1,getekend
2088,overwinning,6165,1,overwinning
2089,rebecca,6156,1,rebecca
2090,onderwerpen,6156,1,onderwerp
2091,oliën,6155,1,olie
2092,bewust,6149,1,bewust
2093,bemanning,6148,1,bemanning
2094,tel,6142,1,tellen
2095,tyler,6133,1,tyler
2096,wagen,6131,2,waag|wagens
2097,delict,6119,1,delict
2098,gibbs,6118,1,gibbs
2099,groet,6114,1,groeten
2100,maag,6114,1,maag
2101,allerlei,6110,1,allerlei
2102,wandelen,6109,1,wandelen
2103,howard,6104,1,howard
2104,origineel,6101,2,originele|origineel
2105,waarschuwing,6098,1,waarschuwing
2106,bevatten,6083,2,bevat|bevatten
2107,johnson,6081,1,johnson
2108,kisten,6079,1,kist
2109,barry,6075,1,barry
2110,middelbaar,6064,1,middelbare
2111,jay,6064,1,jay
2112,michelle,6058,1,michelle
2113,training,6057,1,training
2114,texas,6052,1,texas
2115,pikken,6052,1,pik
2116,racen,6051,1,race
2117,opereren,6041,2,opereren|geopereerd
2118,geliefd,6038,1,geliefde
2119,nationaal,6023,1,nationale
2120,aandeel,6019,2,aandelen|aandeel
2121,gedeelte,6018,1,gedeelte
2122,ontwerpen,6015,2,ontworpen|ontwerp
2123,experiment,6013,2,experiment|experimenten
2124,was,6009,1,wassen
2125,greg,6001,1,greg
2126,alcohol,5988,1,alcohol
2127,aangenomen,5958,1,aangenomen
2128,model,5957,1,model
2129,hi,5954,1,hi
2130,jeetje,5939,1,jeetje
2131,spelletje,5939,1,spelletjes
2132,noch,5938,1,noch
2133,wedde,5937,1,wedden
2134,aanvaarden,5937,2,aanvaard|aanvaarden
2135,meedoen,5933,1,meedoen
2136,treffen,5928,2,treffen|getroffen
2137,winst,5921,1,winst
2138,respecteren,5920,2,respecteren|respecteer
2139,uniek,5917,2,uniek|unieke
2140,middag,5915,1,middag
2141,lijf,5915,1,lijf
2142,oliver,5907,1,oliver
2143,donna,5901,1,donna
2144,daarop,5886,1,daarop
2145,identiteit,5884,1,identiteit
2146,moordenaar,5869,1,moordenaars
2147,andrew,5866,1,andrew
2148,gods,5860,1,gods
2149,zowel,5860,1,zowel
2150,medium,5856,1,media
2151,angela,5855,1,angela
2152,explosie,5846,1,explosie
2153,indrukwekkend,5846,1,indrukwekkend
2154,plotseling,5844,1,plotseling
2155,schutter,5844,1,schutter
2156,hekelen,5841,1,hekel
2157,fort,5839,1,fort
2158,ingewikkeld,5837,1,ingewikkeld
2159,jarig,5832,2,jarig|jarige
2160,generatie,5831,2,generatie|generaties
2161,afnemen,5831,2,afnemen|afgenomen
2162,spiegel,5826,1,spiegel
2163,onlangs,5817,1,onlangs
2164,stand,5815,1,stand
2165,beleven,5814,2,beleefd|beleven
2166,woestijn,5809,1,woestijn
2167,gedwongen,5806,1,gedwongen
2168,rus,5805,1,russen
2169,jamie,5805,1,jamie
2170,beledigen,5803,2,beledigd|beledigen
2171,gezellig,5799,1,gezellig
2172,stoer,5796,2,stoer|stoere
2173,lunch,5795,1,lunchen
2174,heuvel,5795,2,heuvel|heuvels
2175,cooper,5793,1,cooper
2176,seizoen,5790,1,seizoen
2177,pagina,5786,1,pagina
2178,Frans,5780,1,frans
2179,bril,5779,1,bril
2180,oppas,5779,2,oppas|oppassen
2181,spannend,5776,1,spannend
2182,Spaans,5776,2,spaans|spaanse
2183,mensheid,5774,1,mensheid
2184,blokken,5774,2,blok|blokken
2185,bot,5773,1,botten
2186,bus,5771,1,busje
2187,olivia,5767,1,olivia
2188,volwassene,5765,2,volwassenen|volwassene
2189,poppen,5760,1,pop
2190,verschuldigd,5759,1,verschuldigd
2191,gesteld,5755,1,gesteld
2192,hee,5750,1,hee
2193,my,5746,1,my
2194,terry,5746,1,terry
2195,parker,5745,1,parker
2196,kwijtraken,5744,2,kwijtgeraakt|kwijtraken
2197,hal,5737,1,hal
2198,letterlijk,5730,1,letterlijk
2199,bannen,5730,1,banden
2200,route,5729,1,route
2201,tiener,5725,2,tiener|tieners
2202,walgelijk,5722,1,walgelijk
2203,hierover,5707,1,hierover
2204,genie,5705,1,genie
2205,burgerin,5702,1,burger
2206,bedreiging,5699,1,bedreiging
2207,lef,5690,1,lef
2208,wilson,5689,1,wilson
2209,vlakbij,5686,1,vlakbij
2210,gedag,5683,1,gedag
2211,jongeman,5678,1,jongeman
2212,huiswerk,5677,1,huiswerk
2213,house,5675,1,house
2214,nest,5671,2,nest|nesten
2215,koude,5668,1,koude
2216,klacht,5658,2,klacht|klachten
2217,krachtig,5645,2,krachtig|krachtige
2218,ondertussen,5642,1,ondertussen
2219,atten,5635,1,at
2220,cole,5628,1,cole
2221,fysiek,5627,2,fysiek|fysieke
2222,gerechtigheid,5624,1,gerechtigheid
2223,wijs,5622,1,wijst
2224,rick,5618,1,rick
2225,ls,5616,1,ls
2226,afrika,5611,1,afrika
2227,scheiding,5606,1,scheiding
2228,lewis,5604,1,lewis
2229,linda,5603,1,linda
2230,nate,5603,1,nate
2231,welnee,5602,1,welnee
2232,touw,5595,1,touw
2233,zijde,5592,1,zijde
2234,ellende,5590,1,ellende
2235,harvey,5589,1,harvey
2236,nep,5587,1,nep
2237,vrouwe,5579,2,vrouwtje|vrouwe
2238,apin,5569,1,aap
2239,dringend,5568,1,dringend
2240,teruggaan,5568,1,teruggaan
2241,vloeken,5560,1,vloek
2242,activiteit,5558,2,activiteiten|activiteit
2243,stijl,5554,1,stijl
2244,rand,5549,1,rand
2245,aantrekken,5549,2,aantrekken|aangetrokken
2246,verrader,5547,1,verrader
2247,gordon,5542,1,gordon
2248,hersens,5541,1,hersens
2249,middel,5538,1,middelen
2250,bruce,5535,1,bruce
2251,dekking,5534,1,dekking
2252,hof,5530,1,hof
2253,toby,5528,1,toby
2254,cheque,5527,1,cheque
2255,schaduwen,5522,1,schaduw
2256,kasteel,5520,1,kasteel
2257,dertig,5511,1,dertig
2258,brand,5509,1,branden
2259,catherine,5503,1,catherine
2260,constant,5498,1,constant
2261,hannah,5495,1,hannah
2262,waarbij,5494,1,waarbij
2263,wanhopig,5491,1,wanhopig
2264,verkrachten,5491,1,verkracht
2265,jessica,5490,1,jessica
2266,winnares,5483,1,winnaar
2267,merk,5478,1,merken
2268,californië,5475,1,californië
2269,brown,5475,1,brown
2270,doctor,5474,1,doctor
2271,ongerust,5474,1,ongerust
2272,snellen,5468,1,snelle
2273,slet,5467,1,slet
2274,fietsen,5463,1,fiets
2275,vochten,5462,1,vocht
2276,opruimen,5461,1,opruimen
2277,chief,5460,1,chief
2278,verwarren,5457,2,verward|verwarrend
2279,ethan,5453,1,ethan
2280,daaraan,5450,1,daaraan
2281,gsm,5444,1,gsm
2282,overeenkomst,5435,1,overeenkomst
2283,middernacht,5432,1,middernacht
2284,brein,5430,1,brein
2285,vervolgens,5427,1,vervolgens
2286,fabrieken,5425,1,fabriek
2287,drijven,5425,2,drijven|gedreven
2288,geschikt,5423,1,geschikt
2289,anne,5421,1,anne
2290,davis,5407,1,davis
2291,apparaat,5406,1,apparaat
2292,bewaken,5401,2,bewaken|bewaakt
2293,amenen,5397,1,amen
2294,opdagen,5389,1,opdagen
2295,volkomen,5387,1,volkomen
2296,mak,5386,1,makker
2297,katie,5385,1,katie
2298,bevinden,5382,2,bevindt|bevinden
2299,duisternis,5381,1,duisternis
2300,miller,5368,1,miller
2301,recent,5368,2,recente|recent
2302,godzijdank,5365,1,godzijdank
2303,dwaas,5361,1,dwaas
2304,mac,5358,1,mac
2305,verdrietig,5356,1,verdrietig
2306,gozer,5354,1,gozer
2307,spionne,5352,1,spion
2308,roy,5351,1,roy
2309,wonden,5349,1,wond
2310,campagne,5346,1,campagne
2311,boston,5345,1,boston
2312,dinsdag,5336,1,dinsdag
2313,verbinding,5330,1,verbinding
2314,nieuwsgierig,5325,1,nieuwsgierig
2315,helder,5321,1,helder
2316,baan,5321,2,banen|baantje
2317,binden,5316,2,bond|binden
2318,omlaag,5315,1,omlaag
2319,borst,5313,1,borsten
2320,oosten,5310,1,oosten
2321,blond,5307,2,blonde|blond
2322,namelijk,5306,1,namelijk
2323,schande,5302,1,schande
2324,ondertiteling,5299,1,ondertiteling
2325,overeen,5291,1,overeen
2326,zeldzaam,5291,2,zeldzaam|zeldzame
2327,kant,5290,1,kanten
2328,gewicht,5285,1,gewicht
2329,derek,5283,1,derek
2330,stront,5282,1,stront
2331,geschenk,5270,1,geschenk
2332,verblijven,5269,2,verblijf|verblijven
2333,justitie,5263,1,justitie
2334,sneeuwen,5262,1,sneeuw
2335,aanklager,5259,1,aanklager
2336,zand,5253,1,zand
2337,sporten,5249,1,sport
2338,marinier,5249,2,mariniers|marinier
2339,versie,5246,1,versie
2340,minste,5240,1,minste
2341,hartaanval,5235,1,hartaanval
2342,bo,5234,1,bo
2343,c,5229,1,c
2344,as,5224,1,as
2345,vertrouwd,5213,1,vertrouwde
2346,voort,5212,1,voort
2347,jacob,5207,1,jacob
2348,donderdag,5200,1,donderdag
2349,houten,5193,1,hout
2350,bovenop,5193,1,bovenop
2351,sindsdien,5191,1,sindsdien
2352,Italiaans,5189,2,italiaanse|italiaans
2353,vaste,5179,1,vaste
2354,inbreken,5179,2,ingebroken|inbreken
2355,verdachte,5170,1,verdachten
2356,acteur,5165,2,actrice|acteurs
2357,truc,5162,1,truc
2358,frankie,5162,1,frankie
2359,weeg,5158,1,wegen
2360,plant,5158,1,planten
2361,pen,5157,1,pen
2362,beth,5157,1,beth
2363,aanwezigheid,5153,1,aanwezigheid
2364,stemming,5143,1,stemming
2365,bravo,5143,1,bravo
2366,gedurende,5140,1,gedurende
2367,levende,5132,1,levende
2368,therapie,5130,1,therapie
2369,gewelddadig,5130,2,gewelddadig|gewelddadige
2370,plaatsen,5129,1,geplaatst
2371,voorafgaan,5127,1,voorafging
2372,tippen,5126,1,tip
2373,joods,5125,2,joodse|joods
2374,euh,5121,1,euh
2375,roos,5121,2,roos|rozen
2376,daarbinnen,5114,1,daarbinnen
2377,beloning,5113,1,beloning
2378,heleboel,5110,1,heleboel
2379,beschikbaar,5106,1,beschikbaar
2380,hek,5099,1,hek
2381,lois,5099,1,lois
2382,gebed,5098,2,gebeden|gebed
2383,huidig,5093,1,huidige
2384,on,5092,1,on
2385,achterna,5091,1,achterna
2386,verenigen,5090,1,verenigde
2387,golfen,5090,1,golf
2388,café,5087,1,café
2389,suiker,5085,1,suiker
2390,lip,5083,1,lippen
2391,metaal,5081,2,metaal|metalen
2392,zuurstof,5078,1,zuurstof
2393,verkiezing,5072,2,verkiezingen|verkiezing
2394,hmm,5065,1,hmm
2395,gras,5063,1,gras
2396,daisy,5057,1,daisy
2397,rock,5054,1,rock
2398,verstandig,5054,1,verstandig
2399,organisatie,5053,1,organisatie
2400,voorgoed,5053,1,voorgoed
2401,betwijfelen,5046,1,betwijfel
2402,meekomen,5045,1,meekomen
2403,angeles,5033,1,angeles
2404,lading,5015,1,lading
2405,miami,5014,1,miami
2406,stinken,5010,1,stinkt
2407,inclusief,5007,1,inclusief
2408,verraad,5006,1,verraad
2409,interviewen,5001,1,interview
2410,middelen,4995,1,middel
2411,geboorte,4994,1,geboorte
2412,podium,4992,1,podium
2413,effect,4991,1,effect
2414,vijftien,4989,1,vijftien
2415,houding,4989,1,houding
2416,verpleger,4985,1,verpleegster
2417,bibliotheek,4982,1,bibliotheek
2418,schrijfster,4979,1,schrijver
2419,hut,4974,1,hut
2420,goedenacht,4970,1,goedenacht
2421,ticket,4967,2,ticket|tickets
2422,volgend,4966,1,volgend
2423,gecontroleerd,4965,1,gecontroleerd
2424,maskeren,4963,1,masker
2425,sophie,4960,1,sophie
2426,trainen,4959,1,trainen
2427,quinn,4956,1,quinn
2428,schrikken,4955,2,schrik|schrok
2429,kampioene,4954,1,kampioen
2430,graven,4952,1,graaf
2431,oscar,4952,1,oscar
2432,carrie,4951,1,carrie
2433,achterin,4949,1,achterin
2434,veroorloven,4947,1,veroorloven
2435,teen,4947,2,tenen|teen
2436,haai,4946,2,haai|haaien
2437,helikopter,4945,1,helikopter
2438,sparen,4944,2,sparen|spaar
2439,miljard,4938,1,miljard
2440,gein,4937,1,geintje
2441,uitgaan,4936,1,uitgaan
2442,weleens,4935,1,weleens
2443,bruid,4934,1,bruid
2444,connectie,4926,2,connectie|connecties
2445,marshall,4920,1,marshall
2446,nina,4916,1,nina
2447,rusland,4916,1,rusland
2448,eva,4915,1,eva
2449,benzine,4915,1,benzine
2450,keizerin,4911,1,keizer
2451,vrouwelijk,4910,1,vrouwelijke
2452,marie,4909,1,marie
2453,specifiek,4908,2,specifiek|specifieke
2454,vince,4904,1,vince
2455,voeden,4903,1,voeden
2456,studio,4901,1,studio
2457,gif,4897,1,gif
2458,edward,4897,1,edward
2459,uitnodiging,4891,1,uitnodiging
2460,elena,4883,1,elena
2461,grant,4881,1,grant
2462,datje,4871,1,datje
2463,ketting,4865,1,ketting
2464,schitterend,4863,1,schitterend
2465,zekerheid,4862,1,zekerheid
2466,kliniek,4862,1,kliniek
2467,uiterst,4861,2,uiterste|uiterst
2468,dylan,4859,1,dylan
2469,museum,4859,1,museum
2470,handtekening,4858,1,handtekening
2471,raam,4853,1,ramen
2472,russell,4850,1,russell
2473,rechtszaak,4850,1,rechtszaak
2474,kopie,4843,1,kopie
2475,tiet,4839,1,tieten
2476,expert,4839,1,expert
2477,jess,4838,1,jess
2478,white,4823,1,white
2479,travis,4821,1,travis
2480,rommelen,4820,1,rommel
2481,mijl,4819,1,mijl
2482,daarbuiten,4817,1,daarbuiten
2483,opleiding,4816,1,opleiding
2484,jordan,4814,1,jordan
2485,carlos,4811,1,carlos
2486,live,4807,1,live
2487,roze,4804,1,roze
2488,walker,4804,1,walker
2489,flauw,4803,1,flauw
2490,gewoonlijk,4802,1,gewoonlijk
2491,telefoontje,4802,1,telefoontjes
2492,voormalig,4802,2,voormalige|voormalig
2493,pech,4801,1,pech
2494,grootmoeder,4800,1,grootvader
2495,junior,4800,1,junior
2496,voorzitster,4800,1,voorzitter
2497,owen,4799,1,owen
2498,bodem,4797,1,bodem
2499,repareren,4793,1,repareren
2500,spoken,4792,2,spook|spoken
2501,bewusteloos,4788,1,bewusteloos
2502,pols,4781,1,pols
2503,hartslag,4779,1,hartslag
2504,heet,4778,1,hete
2505,behoefte,4777,1,behoefte
2506,oorzaak,4776,1,oorzaak
2507,hill,4771,1,hill
2508,centraal,4766,1,centrale
2509,waardevol,4766,2,waardevol|waardevolle
2510,afsteken,4764,1,gestoken
2511,litteken,4762,2,litteken|littekens
2512,koekje,4761,1,koekjes
2513,medisch,4758,1,medisch
2514,naderen,4757,2,naderen|nadert
2515,kop,4752,1,kopje
2516,gelegenheid,4750,1,gelegenheid
2517,betrappen,4745,1,betrapt
2518,achteren,4744,1,achteren
2519,bijeenkomst,4744,1,bijeenkomst
2520,uitdaging,4738,1,uitdaging
2521,onderhandelen,4737,1,onderhandelen
2522,wayne,4734,1,wayne
2523,triest,4733,1,triest
2524,anoniem,4728,2,anonieme|anoniem
2525,kruisen,4725,1,kruis
2526,brigadier,4716,1,brigadier
2527,hoogheid,4706,1,hoogheid
2528,admiraal,4705,1,admiraal
2529,vroegen,4692,1,vroegen
2530,kleden,4692,1,kleed
2531,blaken,4684,1,blake
2532,maaltijd,4683,1,maaltijd
2533,uitgeven,4683,2,uitgeven|uitgegeven
2534,Chinees,4677,1,chinese
2535,vuur,4676,1,vuren
2536,ooh,4673,1,ooh
2537,fantasie,4670,1,fantasie
2538,namens,4668,1,namens
2539,jeremy,4667,1,jeremy
2540,afhandelen,4665,1,afhandelen
2541,stressen,4662,1,stress
2542,bijbel,4656,1,bijbel
2543,studie,4653,1,studie
2544,kenny,4651,1,kenny
2545,ofwel,4649,1,ofwel
2546,kaartje,4649,1,kaartjes
2547,schema,4647,1,schema
2548,gelul,4645,1,gelul
2549,verversen,4645,1,vers
2550,bestellen,4639,1,besteld
2551,tranen,4633,1,tranen
2552,mammie,4626,1,mammie
2553,groots,4624,1,groots
2554,eventjes,4623,1,eventjes
2555,schedel,4619,1,schedel
2556,tijdelijk,4618,1,tijdelijk
2557,klink,4611,1,klinken
2558,morgenavond,4608,1,morgenavond
2559,aanslag,4604,1,aanslag
2560,florida,4603,1,florida
2561,proeven,4602,1,proef
2562,ontstaan,4601,1,ontstaan
2563,kennelijk,4601,1,kennelijk
2564,sammy,4598,1,sammy
2565,vóór,4596,1,vóór
2566,soep,4593,1,soep
2567,nul,4592,1,nul
2568,leraar,4592,2,lerares|leraren
2569,green,4590,1,green
2570,bloeddruk,4587,1,bloeddruk
2571,hoofdpijn,4586,1,hoofdpijn
2572,vijfde,4586,1,vijfde
2573,brad,4585,1,brad
2574,penny,4583,1,penny
2575,hieruit,4581,1,hieruit
2576,pijnlijk,4572,1,pijnlijk
2577,fase,4572,1,fase
2578,blaas,4572,1,blazen
2579,reu,4571,1,teef
2580,jo,4571,1,jo
2581,botten,4570,1,bot
2582,chaos,4567,1,chaos
2583,tekst,4564,1,tekst
2584,scène,4562,1,scène
2585,uitzicht,4562,1,uitzicht
2586,vooruitgang,4561,1,vooruitgang
2587,maagd,4560,1,maagd
2588,mevr,4556,1,mevr
2589,sex,4555,1,sex
2590,lafaard,4554,1,lafaard
2591,mei,4554,1,mei
2592,ian,4552,1,ian
2593,carol,4551,1,carol
2594,geleiden,4546,1,geleid
2595,bestel,4545,1,bestellen
2596,plassen,4542,1,plassen
2597,opgroeien,4539,1,opgegroeid
2598,teddy,4539,1,teddy
2599,ontvoering,4534,1,ontvoering
2600,affaire,4530,1,affaire
2601,kreng,4525,1,kreng
2602,verdrinken,4524,2,verdrinken|verdronken
2603,vatten,4520,1,vat
2604,diane,4515,1,diane
2605,dennis,4514,1,dennis
2606,zoeten,4512,2,zoet|zoete
2607,vermogen,4505,1,vermogen
2608,realiteit,4505,1,realiteit
2609,doodgaan,4505,1,doodgaan
2610,diegene,4501,1,diegene
2611,buitenlands,4494,1,buitenlandse
2612,telkens,4493,1,telkens
2613,promotie,4480,1,promotie
2614,margaret,4477,1,margaret
2615,overstuur,4474,1,overstuur
2616,one,4472,1,one
2617,dominee,4471,1,dominee
2618,williams,4464,1,williams
2619,verdwalen,4463,1,verdwaald
2620,federale,4462,1,federale
2621,patroon,4453,1,patroon
2622,matthew,4449,1,matthew
2623,wet,4448,1,wetten
2624,zenuwachtig,4445,1,zenuwachtig
2625,koninkrijk,4445,1,koninkrijk
2626,betty,4442,1,betty
2627,vrachtwagen,4436,1,vrachtwagen
2628,tanken,4426,1,tank
2629,vanzelf,4419,1,vanzelf
2630,francis,4419,1,francis
2631,beschadigen,4415,1,beschadigd
2632,marty,4411,1,marty
2633,e,4410,1,e
2634,klasse,4409,1,klasse
2635,humor,4402,1,humor
2636,theater,4402,1,theater
2637,koorts,4402,1,koorts
2638,overheen,4401,1,overheen
2639,ingang,4400,1,ingang
2640,stabiel,4398,1,stabiel
2641,riley,4398,1,riley
2642,maya,4397,1,maya
2643,noodgeval,4397,1,noodgeval
2644,ouderwets,4392,2,ouderwets|ouderwetse
2645,uitweg,4391,1,uitweg
2646,jennifer,4390,1,jennifer
2647,psychiater,4388,1,psychiater
2648,correct,4382,1,correct
2649,nood,4380,1,nood
2650,wiet,4380,1,wiet
2651,little,4377,1,little
2652,woning,4374,1,woning
2653,caroline,4374,1,caroline
2654,instructie,4373,1,instructies
2655,ali,4368,1,ali
2656,wonde,4367,1,wonden
2657,netwerk,4363,1,netwerk
2658,tekening,4363,2,tekening|tekeningen
2659,info,4358,1,info
2660,martha,4356,1,martha
2661,periode,4356,1,periode
2662,doorlopen,4345,1,doorlopen
2663,achtergrond,4343,1,achtergrond
2664,afwijzen,4334,1,afgewezen
2665,kerstfeest,4333,1,kerstfeest
2666,lou,4333,1,lou
2667,hartstikke,4332,1,hartstikke
2668,schuren,4331,1,schuur
2669,emotie,4330,1,emoties
2670,achterkant,4323,1,achterkant
2671,schudden,4322,1,schudden
2672,negatief,4320,1,negatief
2673,dick,4319,1,dick
2674,indienen,4319,2,ingediend|indienen
2675,Engelsman,4318,1,engelse
2676,arrestatie,4318,1,arrestatie
2677,communicatie,4317,1,communicatie
2678,hierbij,4310,1,hierbij
2679,hebbes,4301,1,hebbes
2680,allang,4301,1,allang
2681,trap,4298,1,trappen
2682,langskomen,4298,1,langskomen
2683,coma,4298,1,coma
2684,kut,4295,1,kut
2685,knop,4294,1,knop
2686,bevriend,4294,1,bevriend
2687,malcolm,4288,1,malcolm
2688,creëren,4288,1,creëren
2689,beslag,4287,1,beslag
2690,artse,4282,1,artsen
2691,nancy,4282,1,nancy
2692,japan,4280,1,japan
2693,logan,4278,1,logan
2694,doodsbang,4274,1,doodsbang
2695,casino,4269,1,casino
2696,afschuwelijk,4268,1,afschuwelijk
2697,diefstal,4267,1,diefstal
2698,legende,4263,1,legende
2699,joseph,4261,1,joseph
2700,grot,4258,1,grot
2701,proef,4257,1,proeven
2702,terugtrekken,4249,1,terugtrekken
2703,bart,4244,1,bart
2704,applaus,4242,1,applaus
2705,zoen,4241,1,zoenen
2706,toren,4240,1,toren
2707,eigendom,4236,1,eigendom
2708,verplicht,4230,1,verplicht
2709,strafblad,4227,1,strafblad
2710,hollywood,4225,1,hollywood
2711,voorbereiden,4225,1,voorbereiden
2712,vijftig,4225,1,vijftig
2713,loslaten,4225,1,loslaten
2714,casey,4224,1,casey
2715,connor,4223,1,connor
2716,portemonnee,4223,1,portemonnee
2717,audrey,4222,1,audrey
2718,inhuren,4220,1,ingehuurd
2719,meebrengen,4218,1,meegebracht
2720,gebrek,4213,1,gebrek
2721,ruil,4213,1,ruilen
2722,mankeren,4213,1,mankeert
2723,aantrekkelijk,4209,1,aantrekkelijk
2724,albert,4203,1,albert
2725,no,4201,1,no
2726,spencer,4195,1,spencer
2727,tja,4194,1,tja
2728,riskeren,4191,1,riskeren
2729,weghalen,4190,1,weghalen
2730,passie,4188,1,passie
2731,kandidate,4188,1,kandidaat
2732,smeerlap,4185,1,smeerlap
2733,ideaal,4185,2,ideale|ideaal
2734,serie,4184,1,serie
2735,status,4183,1,status
2736,voorzien,4180,1,voorzien
2737,ritten,4177,1,rit
2738,discussie,4173,1,discussie
2739,booth,4173,1,booth
2740,rijbewijs,4170,1,rijbewijs
2741,miles,4170,1,miles
2742,televisie,4169,1,televisie
2743,h,4165,1,h
2744,ministerie,4163,1,ministerie
2745,krankzinnig,4162,1,krankzinnig
2746,populair,4161,1,populair
2747,whoa,4161,1,whoa
2748,allison,4161,1,allison
2749,indiaan,4158,1,indianen
2750,verzekering,4149,1,verzekering
2751,virginia,4147,1,virginia
2752,koelkast,4146,1,koelkast
2753,pesten,4144,1,pest
2754,lemand,4142,1,lemand
2755,toelaten,4140,2,toegelaten|toelaten
2756,overgeven,4138,1,overgeven
2757,nutten,4138,1,nut
2758,stervende,4137,1,stervende
2759,ondergoed,4137,1,ondergoed
2760,euro,4135,1,euro
2761,incident,4135,1,incident
2762,mijzelf,4132,1,mijzelf
2763,homer,4129,1,homer
2764,commentaar,4127,1,commentaar
2765,ervaren,4124,1,ervaren
2766,vak,4124,1,vak
2767,vriendje,4122,1,vriendjes
2768,dor,4122,1,dorst
2769,bul,4120,1,koe
2770,tenslotte,4120,1,tenslotte
2771,vandaar,4118,1,vandaar
2772,titelen,4113,1,titel
2773,privacy,4112,1,privacy
2774,heelal,4112,1,heelal
2775,verspillen,4110,1,verspillen
2776,justin,4109,1,justin
2777,speelgoed,4108,1,speelgoed
2778,bonnie,4108,1,bonnie
2779,dagboek,4108,1,dagboek
2780,tape,4103,1,tape
2781,hollen,4102,1,hol
2782,bewustzijn,4096,1,bewustzijn
2783,evan,4092,1,evan
2784,aaron,4091,1,aaron
2785,vlag,4091,1,vlag
2786,moderne,4090,1,moderne
2787,rol,4088,1,rollen
2788,angel,4085,1,angel
2789,spannen,4080,1,gespannen
2790,terugkeren,4078,1,terugkeren
2791,crisis,4075,1,crisis
2792,zoektocht,4073,1,zoektocht
2793,overkant,4066,1,overkant
2794,premier,4062,1,premier
2795,harris,4062,1,harris
2796,rechtstreeks,4057,1,rechtstreeks
2797,love,4055,1,love
2798,avontuur,4048,1,avontuur
2799,lusten,4046,1,lust
2800,tevoorschijn,4046,1,tevoorschijn
2801,roman,4044,1,roman
2802,glimlachen,4044,1,glimlach
2803,ras,4042,1,ras
2804,plat,4037,1,plat
2805,strak,4036,1,strak
2806,spanning,4035,1,spanning
2807,inbraak,4033,1,inbraak
2808,karakter,4031,1,karakter
2809,college,4024,1,college
2810,boy,4024,1,boy
2811,island,4022,1,island
2812,todd,4022,1,todd
2813,verlegen,4021,1,verlegen
2814,paspoort,4020,1,paspoort
2815,county,4020,1,county
2816,vleugel,4017,1,vleugels
2817,madame,4013,1,madame
2818,juni,4012,1,juni
2819,snoepen,4010,1,snoep
2820,apart,4010,1,apart
2821,italië,4009,1,italië
2822,liam,4008,1,liam
2823,voertuig,4006,1,voertuig
2824,september,4001,1,september
2825,ron,3994,1,ron
2826,puinhoop,3988,1,puinhoop
2827,agenda,3987,1,agenda
2828,nazi,3986,1,nazi
2829,leonard,3985,1,leonard
2830,chirurg,3983,1,chirurg
2831,jee,3982,1,jee
2832,bekentenis,3975,1,bekentenis
2833,laptop,3974,1,laptop
2834,stukje,3971,1,stukjes
2835,robot,3970,1,robot
2836,nuttig,3969,1,nuttig
2837,uitslag,3968,1,uitslag
2838,zout,3968,1,zout
2839,afval,3965,1,afval
2840,murphy,3965,1,murphy
2841,wendy,3963,1,wendy
2842,temperatuur,3962,1,temperatuur
2843,ongelukkig,3959,1,ongelukkig
2844,financieel,3957,1,financiële
2845,tijdstip,3956,1,tijdstip
2846,overste,3956,1,overste
2847,knuffelen,3948,1,knuffel
2848,erdoor,3947,1,erdoor
2849,betekenis,3946,1,betekenis
2850,aarden,3939,1,aard
2851,moedig,3937,1,moedig
2852,duke,3937,1,duke
2853,eli,3934,1,eli
2854,paige,3933,1,paige
2855,loo,3932,1,loon
2856,daarboven,3931,1,daarboven
2857,ruth,3928,1,ruth
2858,woensdag,3928,1,woensdag
2859,handig,3927,1,handig
2860,harold,3927,1,harold
2861,fortuin,3926,1,fortuin
2862,nicole,3924,1,nicole
2863,vrijlaten,3921,1,vrijgelaten
2864,ashley,3921,1,ashley
2865,journalist,3920,1,journalist
2866,wennen,3919,1,wennen
2867,megan,3918,1,megan
2868,ambassadeur,3916,1,ambassadeur
2869,actrice,3913,1,acteur
2870,computer,3911,1,computers
2871,francisco,3911,1,francisco
2872,schoonmaken,3909,1,schoonmaken
2873,mickey,3906,1,mickey
2874,snelweg,3904,1,snelweg
2875,plastic,3903,1,plastic
2876,monica,3901,1,monica
2877,morgenvroeg,3897,1,morgenvroeg
2878,undercover,3894,1,undercover
2879,commando,3894,1,commando
2880,gekleed,3893,1,gekleed
2881,star,3892,1,star
2882,gemak,3891,1,gemak
2883,boss,3887,1,boss
2884,eerwaarde,3885,1,eerwaarde
2885,motel,3884,1,motel
2886,tweeling,3882,1,tweeling
2887,draak,3881,1,draak
2888,diana,3874,1,diana
2889,stephen,3874,1,stephen
2890,kooi,3867,1,kooi
2891,beheersen,3866,1,beheersen
2892,drankje,3866,1,drankjes
2893,concert,3865,1,concert
2894,vermijden,3864,1,vermijden
2895,irak,3864,1,irak
2896,katten,3861,1,katten
2897,kwetsbaar,3860,1,kwetsbaar
2898,kleur,3859,1,kleuren
2899,mitch,3855,1,mitch
2900,straf,3854,1,straffen
2901,besturen,3851,1,bestuur
2902,verloven,3846,1,verloofd
2903,mason,3839,1,mason
2904,india,3838,1,india
2905,augustus,3834,1,augustus
2906,centimeter,3832,1,centimeter
2907,contant,3830,1,contant
2908,testament,3822,1,testament
2909,meesten,3821,1,meesten
2910,juli,3818,1,juli
2911,waanzin,3817,1,waanzin
2912,handschoen,3815,1,handschoenen
2913,zender,3814,1,zender
2914,wreed,3812,1,wreed
2915,pappa,3812,1,pappa
2916,rotzak,3808,1,rotzak
2917,jules,3807,1,jules
2918,mysterie,3805,1,mysterie
2919,symbool,3803,1,symbool
2920,tess,3803,1,tess
2921,profiel,3803,1,profiel
2922,traditie,3801,1,traditie
2923,huppen,3798,1,hup
2924,go,3794,1,go
2925,massa,3794,1,massa
2926,gewonde,3793,1,gewonden
2927,ontkennen,3789,1,ontkennen
2928,aftrekken,3786,1,getrokken
2929,bezetten,3785,1,bezet
2930,opvoeden,3784,1,opgevoed
2931,lincoln,3782,1,lincoln
2932,liz,3774,1,liz
2933,timing,3773,1,timing
2934,crane,3771,1,crane
2935,penis,3770,1,penis
2936,benieuwen,3769,1,benieuwd
2937,aangeven,3767,1,aangeven
2938,glazen,3766,1,glazen
2939,hitte,3766,1,hitte
2940,set,3765,1,set
2941,maling,3765,1,maling
2942,victoria,3763,1,victoria
2943,wade,3763,1,wade
2944,ton,3762,1,ton
2945,mm,3761,1,mm
2946,chocolade,3759,1,chocolade
2947,bedrogen,3758,1,bedrogen
2948,brandstof,3757,1,brandstof
2949,verwoesten,3756,1,verwoest
2950,verven,3755,1,verf
2951,k,3755,1,k
2952,hector,3754,1,hector
2953,munitie,3754,1,munitie
2954,paleis,3748,1,paleis
2955,werkelijkheid,3748,1,werkelijkheid
2956,yo,3748,1,yo
2957,zoe,3748,1,zoe
2958,nelson,3744,1,nelson
2959,toespraak,3742,1,toespraak
2960,recept,3741,1,recept
2961,enthousiast,3740,1,enthousiast
2962,schermen,3740,1,scherm
2963,goedemiddag,3739,1,goedemiddag
2964,gele,3730,1,gele
2965,actief,3730,1,actief
2966,politieagent,3728,1,politieagent
2967,raymond,3725,1,raymond
2968,lok,3722,1,lokken
2969,oefening,3717,1,oefening
2970,harper,3715,1,harper
2971,road,3714,1,road
2972,varen,3714,1,varen
2973,kwart,3713,1,kwart
2974,commissie,3713,1,commissie
2975,stiekem,3707,1,stiekem
2976,afsluiten,3706,1,afsluiten
2977,inpakken,3703,1,inpakken
2978,neil,3702,1,neil
2979,techniek,3695,1,techniek
2980,lane,3691,1,lane
2981,intern,3690,1,interne
2982,hall,3689,1,hall
2983,stanley,3687,1,stanley
2984,keith,3684,1,keith
2985,verlangen,3682,1,verlangen
2986,jean,3682,1,jean
2987,revolutie,3681,1,revolutie
2988,pastoor,3681,1,pastoor
2989,drama,3680,1,drama
2990,malen,3678,1,maal
2991,lade,3676,1,laden
2992,moeilijkheid,3673,1,moeilijkheden
2993,bedrag,3672,1,bedrag
2994,willie,3664,1,willie
2995,schoft,3660,1,schoft
2996,lawaai,3660,1,lawaai
2997,uzelf,3656,1,uzelf
2998,alicia,3656,1,alicia
2999,attentie,3655,1,attentie
3000,planten,3654,1,plant
3001,christian,3650,1,christian
3002,konijn,3649,1,konijn
3003,huur,3646,1,huren
3004,misdrijf,3646,1,misdrijf
3005,clay,3645,1,clay
3006,doodschieten,3642,1,doodgeschoten
3007,toekomstig,3642,1,toekomstige
3008,procedure,3641,1,procedure
3009,tina,3637,1,tina
3010,thanksgiving,3635,1,thanksgiving
3011,duiken,3634,1,duiken
3012,shane,3633,1,shane
3013,fruit,3628,1,fruit
3014,bevriezen,3626,1,bevroren
3015,erbuiten,3625,1,erbuiten
3016,berlijn,3622,1,berlijn
3017,vlieten,3616,1,vloot
3018,uiterlijk,3615,1,uiterlijk
3019,spanje,3608,1,spanje
3020,carla,3606,1,carla
3021,norman,3606,1,norman
3022,doven,3605,1,doof
3023,alexander,3604,1,alexander
3024,mitchell,3604,1,mitchell
3025,terugbrengen,3602,1,terugbrengen
3026,machtigen,3601,1,machtige
3027,all,3600,1,all
3028,tempelen,3599,1,tempel
3029,walt,3598,1,walt
3030,holly,3596,1,holly
3031,weduwnaar,3593,1,weduwe
3032,kanaal,3593,1,kanaal
3033,watje,3588,1,watje
3034,speechen,3587,1,speech
3035,goedendag,3583,1,goedendag
3036,versterking,3581,1,versterking
3037,voorraad,3581,1,voorraad
3038,legaal,3581,1,legaal
3039,korporaal,3579,1,korporaal
3040,overweg,3578,1,overwegen
3041,vee,3578,1,vee
3042,metro,3577,1,metro
3043,afhankelijk,3576,1,afhankelijk
3044,ricky,3575,1,ricky
3045,speelster,3572,1,speler
3046,gereedschap,3572,1,gereedschap
3047,mcgee,3571,1,mcgee
3048,misbruiken,3567,1,misbruik
3049,aflevering,3562,1,aflevering
3050,barbara,3560,1,barbara
3051,anthony,3560,1,anthony
3052,santa,3557,1,santa
3053,Japans,3556,1,japanse
3054,reclame,3554,1,reclame
3055,combinatie,3553,1,combinatie
3056,behouden,3550,1,behouden
3057,goedmaken,3549,1,goedmaken
3058,philip,3548,1,philip
3059,verkrachting,3545,1,verkrachting
3060,jersey,3544,1,jersey
3061,opgeblazen,3540,1,opgeblazen
3062,getraind,3539,1,getraind
3063,website,3533,1,website
3064,firma,3533,1,firma
3065,schoppen,3532,1,schop
3066,wiskunde,3531,1,wiskunde
3067,ann,3531,1,ann
3068,verwonding,3530,1,verwondingen
3069,kostuum,3523,1,kostuum
3070,hoofdinspecteur,3522,1,hoofdinspecteur
3071,meg,3522,1,meg
3072,standaard,3521,1,standaard
3073,stokken,3517,1,stok
3074,blazen,3517,1,blaas
3075,gloria,3517,1,gloria
3076,batman,3516,1,batman
3077,time,3514,1,time
3078,hoofdkwartier,3511,1,hoofdkwartier
3079,heroïne,3511,1,heroïne
3080,gus,3511,1,gus
3081,bos,3511,1,bossen
3082,julian,3509,1,julian
3083,rex,3509,1,rex
3084,zenuw,3508,1,zenuwen
3085,noah,3508,1,noah
3086,jonathan,3506,1,jonathan
3087,hoofdstuk,3506,1,hoofdstuk
3088,symptoom,3506,1,symptomen
3089,samantha,3506,1,samantha
3090,kern,3505,1,kern
3091,bagage,3501,1,bagage
3092,bay,3499,1,bay
3093,castle,3498,1,castle
3094,voorstellen,3496,1,voorgesteld
3095,jas,3496,1,jasje
3096,begrip,3495,1,begrip
3097,sowieso,3493,1,sowieso
3098,opsluiten,3491,1,opsluiten
3099,gij,3490,1,gij
3100,misverstand,3490,1,misverstand
3101,damon,3487,1,damon
3102,laarzen,3486,1,laarzen
3103,dutch,3486,1,dutch
3104,borgen,3483,1,borg
3105,doodsoorzaak,3483,1,doodsoorzaak
3106,football,3482,1,football
3107,gewoonte,3482,1,gewoonte
3108,Nederlands,3481,1,nederlandse
3109,cirkelen,3481,1,cirkel
3110,moordwapen,3480,1,moordwapen
3111,bijt,3476,1,bijten
3112,stone,3475,1,stone
3113,explosief,3474,1,explosieven
3114,heather,3473,1,heather
3115,miranda,3472,1,miranda
3116,trekker,3469,1,trekker
3117,von,3469,1,von
3118,internationaal,3467,1,internationale
3119,blue,3465,1,blue
3120,flikkeren,3462,1,flikker
3121,collins,3462,1,collins
3122,craig,3461,1,craig
3123,schop,3459,1,schoppen
3124,borrelen,3455,1,borrel
3125,vanessa,3453,1,vanessa
3126,seth,3452,1,seth
3127,kokkin,3451,1,kok
3128,halloween,3448,1,halloween
3129,diego,3446,1,diego
3130,toestel,3444,1,toestel
3131,happy,3443,1,happy
3132,hogere,3440,1,hogere
3133,stevig,3440,1,stevig
3134,hoeveelheid,3439,1,hoeveelheid
3135,waaraan,3436,1,waaraan
3136,hufter,3436,1,hufter
3137,dankjewel,3435,1,dankjewel
3138,mamma,3435,1,mamma
3139,buurman,3432,1,buurman
3140,versieren,3431,1,versieren
3141,trevor,3431,1,trevor
3142,gisterenavond,3424,1,gisterenavond
3143,bestond,3418,1,bestond
3144,strategie,3414,1,strategie
3145,volhouden,3414,1,volhouden
3146,begaan,3413,1,begaan
3147,das,3413,1,das
3148,informant,3412,1,informant
3149,verwerken,3411,1,verwerken
3150,halt,3409,1,halt
3151,auditie,3407,1,auditie
3152,randy,3404,1,randy
3153,canada,3399,1,canada
3154,draad,3397,1,draad
3155,ertoe,3397,1,ertoe
3156,south,3393,1,south
3157,uitgeput,3392,1,uitgeput
3158,pik,3392,1,pikken
3159,ellie,3392,1,ellie
3160,slavin,3383,1,slaaf
3161,tara,3383,1,tara
3162,koninklijk,3382,1,koninklijke
3163,bewerken,3380,1,bewerkt
3164,zaal,3375,1,zaal
3165,grapje,3374,1,grapjes
3166,piano,3374,1,piano
3167,finn,3374,1,finn
3168,ronnie,3373,1,ronnie
3169,kou,3372,1,kou
3170,vaardigheid,3372,1,vaardigheden
3171,omdraaien,3369,1,omdraaien
3172,besmetten,3369,1,besmet
3173,spoedig,3368,1,spoedig
3174,beurs,3368,1,beurs
3175,schietpartij,3368,1,schietpartij
3176,opblazen,3367,1,opblazen
3177,up,3367,1,up
3178,vergiftigen,3366,1,vergiftigd
3179,leerling,3366,1,leerling
3180,algemeen,3364,1,algemeen
3181,ongemakkelijk,3362,1,ongemakkelijk
3182,indien,3361,1,indien
3183,prooi,3361,1,prooi
3184,uitgang,3358,1,uitgang
3185,jongedame,3356,1,jongedame
3186,bewaking,3353,1,bewaking
3187,franklin,3352,1,franklin
3188,by,3350,1,by
3189,kurt,3347,1,kurt
3190,lauren,3346,1,lauren
3191,barney,3346,1,barney
3192,klim,3345,1,klimmen
3193,november,3344,1,november
3194,speler,3343,1,spelers
3195,joan,3338,1,joan
3196,voordeur,3338,1,voordeur
3197,slaaf,3336,1,slaven
3198,dana,3335,1,dana
3199,regelmatig,3335,1,regelmatig
3200,mysterieus,3334,1,mysterieuze
